-- phpMyAdmin SQL Dump
-- version 5.1.1
-- https://www.phpmyadmin.net/
--
-- Host: 127.0.0.1
-- Generation Time: Aug 22, 2023 at 11:16 AM
-- Server version: 10.4.22-MariaDB
-- PHP Version: 7.4.27

SET SQL_MODE = "NO_AUTO_VALUE_ON_ZERO";
START TRANSACTION;
SET time_zone = "+00:00";


/*!40101 SET @OLD_CHARACTER_SET_CLIENT=@@CHARACTER_SET_CLIENT */;
/*!40101 SET @OLD_CHARACTER_SET_RESULTS=@@CHARACTER_SET_RESULTS */;
/*!40101 SET @OLD_COLLATION_CONNECTION=@@COLLATION_CONNECTION */;
/*!40101 SET NAMES utf8mb4 */;

--
-- Database: `polybarber`
--

-- --------------------------------------------------------

--
-- Table structure for table `appointments`
--

CREATE TABLE `appointments` (
  `id` int(11) NOT NULL,
  `id_barber` int(11) NOT NULL,
  `id_user` int(11) NOT NULL,
  `day` date NOT NULL,
  `id_time` int(11) NOT NULL,
  `cancel` int(1) NOT NULL,
  `created_at` timestamp NOT NULL DEFAULT current_timestamp()
) ENGINE=InnoDB DEFAULT CHARSET=utf8mb4;

--
-- Dumping data for table `appointments`
--

INSERT INTO `appointments` (`id`, `id_barber`, `id_user`, `day`, `id_time`, `cancel`, `created_at`) VALUES
(12, 32, 7, '2020-08-16', 8, 0, '2020-08-16 01:38:37'),
(13, 33, 7, '2020-08-17', 12, 3, '2020-08-16 02:35:14'),
(14, 32, 3, '2020-08-17', 8, 1, '2020-08-16 07:45:30'),
(17, 33, 13, '2020-08-20', 6, 0, '2020-08-20 03:16:09'),
(18, 33, 13, '2023-08-21', 17, 0, '2023-08-21 06:59:04'),
(19, 31, 20, '2023-08-22', 6, 0, '2023-08-22 02:35:18'),
(20, 34, 20, '2023-08-24', 6, 3, '2023-08-22 02:36:28'),
(21, 33, 20, '2023-08-23', 7, 2, '2023-08-22 04:29:43'),
(22, 33, 20, '2023-08-22', 12, 3, '2023-08-22 04:37:01'),
(23, 33, 20, '2023-08-24', 6, 2, '2023-08-22 04:37:10'),
(25, 33, 20, '2023-08-24', 10, 3, '2023-08-22 05:37:33'),
(26, 31, 21, '2023-08-23', 5, 0, '2023-08-22 05:46:22');

-- --------------------------------------------------------

--
-- Table structure for table `app_detail`
--

CREATE TABLE `app_detail` (
  `id` int(11) NOT NULL,
  `id_appointment` int(11) NOT NULL,
  `id_service` int(11) NOT NULL
) ENGINE=InnoDB DEFAULT CHARSET=utf8mb4;

--
-- Dumping data for table `app_detail`
--

INSERT INTO `app_detail` (`id`, `id_appointment`, `id_service`) VALUES
(45, 12, 10),
(46, 13, 11),
(47, 13, 10),
(55, 14, 13),
(56, 14, 11),
(60, 16, 13),
(61, 16, 12),
(62, 17, 14),
(63, 18, 12),
(64, 19, 12),
(66, 20, 12),
(70, 21, 12),
(71, 21, 10),
(72, 21, 8),
(76, 23, 11),
(77, 22, 12),
(78, 22, 10),
(84, 25, 13),
(85, 25, 11),
(86, 26, 12);

-- --------------------------------------------------------

--
-- Table structure for table `barbers`
--

CREATE TABLE `barbers` (
  `id` int(11) NOT NULL,
  `name` varchar(191) NOT NULL,
  `account` varchar(191) NOT NULL,
  `phone` varchar(11) NOT NULL,
  `email` varchar(191) DEFAULT NULL,
  `password` varchar(191) NOT NULL,
  `address` varchar(255) NOT NULL,
  `images` varchar(191) DEFAULT NULL,
  `code` varchar(191) DEFAULT NULL,
  `time_code` int(11) DEFAULT NULL
) ENGINE=InnoDB DEFAULT CHARSET=utf8mb4;

--
-- Dumping data for table `barbers`
--

INSERT INTO `barbers` (`id`, `name`, `account`, `phone`, `email`, `password`, `address`, `images`, `code`, `time_code`) VALUES
(31, 'Nguyễn Văn Hoàng', 'hoangnv', '0945333444', 'hoangnv@gmail.com', '$2y$10$vAtPlySAF7VKpYy1rO0vm.U4MHUqB10cQIZCd6a5b30NwryGNjj0O', 'Mỹ Đình 2, Nam Từ Liêm, Hà Nội', '2.png', NULL, NULL),
(32, 'Nguyễn Văn Đức', 'ducnv', '0945424345', 'hoactph09598@fpt.edu.vn', '$2y$10$9TzOjz1XpDKvb.sPTTSBW.3oUdrBwI46TFBlDeD4okfveyV8ZI/3u', 'Mỹ Đình 2, Nam Từ Liêm, Hà Nội', '3.png', '', 0),
(33, 'Trần Văn Minh', 'minhvt', '0985568854', 'minhvt@gmail.com', '$2y$10$mBjgnp.bRvkyUaS.u7itKuAOq59/a.nx7O3R8TEnVm2/c7ijqk1am', 'Mỹ Đình 2, Nam Từ Liêm, Hà Nội', '1.png', NULL, NULL),
(34, 'Nguyễn Thị Trang', 'trangnt', '0933368854', 'trangnt@gmail.com', '$2y$10$e3mvy9VcQPiCNcPGF2if6OZk5U2WtUPyWr1iyrnPhfP1jdHRgY1JW', 'Mỹ Đình 2, Nam Từ Liêm, Hà Nội', '4.png', NULL, NULL);

-- --------------------------------------------------------

--
-- Table structure for table `categories`
--

CREATE TABLE `categories` (
  `id` int(11) NOT NULL,
  `name` varchar(191) NOT NULL,
  `images` varchar(191) NOT NULL
) ENGINE=InnoDB DEFAULT CHARSET=utf8mb4;

--
-- Dumping data for table `categories`
--

INSERT INTO `categories` (`id`, `name`, `images`) VALUES
(1, 'Gôm xịt tóc', '5f2a950f29382sprite.png'),
(4, 'Sáp vuốt tóc', '5f2a94db299d2sprite.png'),
(5, 'Xịt tạo phồng', '5f2a94b98c22dsprite.png'),
(6, 'Chăm sóc tóc', '5f2a948b5b83csprite.png'),
(7, 'Kem cạo râu', '5f2a93c666525sprite.png');

-- --------------------------------------------------------

--
-- Table structure for table `comments`
--

CREATE TABLE `comments` (
  `id` int(11) NOT NULL,
  `content` varchar(255) NOT NULL,
  `id_product` int(11) NOT NULL,
  `id_user` int(11) NOT NULL,
  `approve` bit(1) NOT NULL,
  `parent_id` int(11) NOT NULL,
  `rating` int(1) NOT NULL,
  `created_at` timestamp NOT NULL DEFAULT current_timestamp() ON UPDATE current_timestamp()
) ENGINE=InnoDB DEFAULT CHARSET=utf8mb4;

--
-- Dumping data for table `comments`
--

INSERT INTO `comments` (`id`, `content`, `id_product`, `id_user`, `approve`, `parent_id`, `rating`, `created_at`) VALUES
(26, 'Sản phẩm tốt', 19, 3, b'1', 0, 3, '2020-08-16 11:18:49'),
(27, '<p>thank ban</p>', 19, 2, b'1', 26, 0, '2023-08-22 04:43:08'),
(28, 'hihihhhhh', 14, 2, b'1', 0, 5, '2023-08-22 05:32:27');

-- --------------------------------------------------------

--
-- Table structure for table `contacts`
--

CREATE TABLE `contacts` (
  `id` int(11) NOT NULL,
  `name` varchar(191) NOT NULL,
  `phone` varchar(11) NOT NULL,
  `email` varchar(191) NOT NULL,
  `content` varchar(255) NOT NULL,
  `created_at` timestamp NOT NULL DEFAULT current_timestamp()
) ENGINE=InnoDB DEFAULT CHARSET=utf8mb4;

--
-- Dumping data for table `contacts`
--

INSERT INTO `contacts` (`id`, `name`, `phone`, `email`, `content`, `created_at`) VALUES
(4, 'dddddddd', '08899877755', 'chuthihoa98bgg@gmail.com', 'tedddddddddd', '2020-08-16 09:43:35');

-- --------------------------------------------------------

--
-- Table structure for table `evaluates`
--

CREATE TABLE `evaluates` (
  `id` int(11) NOT NULL,
  `rating` int(1) NOT NULL,
  `id_appointment` int(11) NOT NULL,
  `id_user` int(11) NOT NULL,
  `id_service` int(11) NOT NULL,
  `content` varchar(191) NOT NULL,
  `parent_id` int(11) NOT NULL,
  `created_at` timestamp NOT NULL DEFAULT current_timestamp()
) ENGINE=InnoDB DEFAULT CHARSET=utf8mb4;

--
-- Dumping data for table `evaluates`
--

INSERT INTO `evaluates` (`id`, `rating`, `id_appointment`, `id_user`, `id_service`, `content`, `parent_id`, `created_at`) VALUES
(3, 3, 3, 3, 13, 'Dịch vụ tốt', 0, '2020-08-16 09:25:06'),
(6, 0, 3, 2, 13, '<p>Cảm ơn bạn đ&atilde; đ&aacute;nh gi&aacute;</p>', 3, '2020-08-16 09:37:55');

-- --------------------------------------------------------

--
-- Table structure for table `libraries`
--

CREATE TABLE `libraries` (
  `id` int(11) NOT NULL,
  `name` varchar(191) NOT NULL,
  `images` varchar(191) NOT NULL,
  `link` varchar(191) NOT NULL,
  `role` bit(1) NOT NULL
) ENGINE=InnoDB DEFAULT CHARSET=utf8mb4;

--
-- Dumping data for table `libraries`
--

INSERT INTO `libraries` (`id`, `name`, `images`, `link`, `role`) VALUES
(1, '[HIT 2020]Xu hướng kiểu tóc nam ngắn đẹp năm 2020', '5f24ca7e077b5p1.png', '1', b'1'),
(2, 'Nhuộm cao cấp tại đây', 'banner.png', '10', b'0'),
(3, 'Kiểu tóc nam đẹp chuẩn men', '5f24cac73990ep1.png', '1', b'1'),
(4, 'Tóc đẹp tới em ngay', '5f24cc3ddad62p1.png', '14', b'0'),
(5, 'Our Gallery', '1.png', '3', b'1'),
(6, 'Our Gallery', '2.png', '4', b'1'),
(7, 'Our Gallery', '3.png', '2', b'1'),
(8, 'Barber salon tốt nhất tại đây', '5f24cbc710a7abarber-slide-2-.png', '10', b'0'),
(9, 'Kiểu tóc nam đẹp chuẩn men', '5f391216881b0p1.png', '5', b'1');

-- --------------------------------------------------------

--
-- Table structure for table `news`
--

CREATE TABLE `news` (
  `id` int(11) NOT NULL,
  `title` varchar(191) NOT NULL,
  `content` text NOT NULL,
  `images` varchar(191) NOT NULL,
  `id_user` int(11) NOT NULL,
  `views` int(11) NOT NULL,
  `created_at` timestamp NOT NULL DEFAULT current_timestamp()
) ENGINE=InnoDB DEFAULT CHARSET=utf8mb4;

--
-- Dumping data for table `news`
--

INSERT INTO `news` (`id`, `title`, `content`, `images`, `id_user`, `views`, `created_at`) VALUES
(1, 'BÍ QUYẾT ĐỂ GIỮ TÓC TẨY LÂU PHAI: 5 ĐIỀU TỐI KỴ CẦN TRÁNHxxxx', '<p>V&agrave;i năm trở lại đ&acirc;y, người ta kh&ocirc;ng kh&oacute; bắt gặp h&igrave;nh ảnh c&aacute;c bạn trẻ với những m&aacute;i t&oacute;c đủ m&agrave;u sắc từ xanh, đỏ, hồng, t&iacute;m, kh&oacute;i. Đ&acirc;y kh&ocirc;ng chỉ l&agrave; xu thế của giới trẻ m&agrave; c&ograve;n g&oacute;p phần l&agrave;m tăng sự c&aacute; t&iacute;nh, độc đ&aacute;o, mới lạ cho những anh ch&agrave;ng muốn theo đuổi phong c&aacute;ch trẻ trung, hiện đại.&nbsp;</p>\r\n<figure class=\"wp-block-image\" style=\"margin: 10px 0px 1em; padding: 0px; border: 0px; font-variant-numeric: inherit; font-variant-east-asian: inherit; font-stretch: inherit; font-size: 13px; line-height: inherit; font-family: Roboto, sans-serif; vertical-align: baseline; display: block; max-width: 100%; color: #818181; background-color: #ffffff;\"><img class=\"wp-image-22178\" style=\"margin: 0px; padding: 0px; border: 0px; font: inherit; vertical-align: baseline; max-width: 100%; height: auto !important;\" src=\"http://blog.30shine.com/wp-content/uploads/2020/07/61585944_2316906351858487_2222135144586674176_n.jpg\" sizes=\"(max-width: 603px) 100vw, 603px\" srcset=\"https://blog.30shine.com/wp-content/uploads/2020/07/61585944_2316906351858487_2222135144586674176_n.jpg 603w, https://blog.30shine.com/wp-content/uploads/2020/07/61585944_2316906351858487_2222135144586674176_n-201x300.jpg 201w\" alt=\"\" data-pagespeed-url-hash=\"958595616\" /></figure>\r\n<p style=\"margin: 0px 0px 20px; padding: 0px; border: 0px; font-variant-numeric: inherit; font-variant-east-asian: inherit; font-stretch: inherit; font-size: 13px; line-height: inherit; font-family: Roboto, sans-serif; vertical-align: baseline; color: #818181; background-color: #ffffff;\">T&oacute;c sau khi tẩy nhuộm thường gặp nhiều vấn đề về kh&ocirc; xơ do mất đi độ ẩm tự nhi&ecirc;n, tuy nhi&ecirc;n, nếu kh&ocirc;ng sử dụng thuốc nhuộm t&oacute;c chất lượng v&agrave; l&agrave;m t&oacute;c ở những salon kh&ocirc;ng uy t&iacute;n th&igrave; m&aacute;i t&oacute;c của bạn sẽ c&ograve;n gặp nhiều vấn đề hư tổn hơn nữa. Dưới đ&acirc;y 30Shine sẽ m&aacute;ch bạn 5 b&iacute; k&iacute;p để bảo vệ v&agrave; chăm s&oacute;c cho t&oacute;c tẩy.</p>\r\n<figure class=\"wp-block-image\" style=\"margin: 10px 0px 1em; padding: 0px; border: 0px; font-variant-numeric: inherit; font-variant-east-asian: inherit; font-stretch: inherit; font-size: 13px; line-height: inherit; font-family: Roboto, sans-serif; vertical-align: baseline; display: block; max-width: 100%; color: #818181; background-color: #ffffff;\"><img class=\"wp-image-22177\" style=\"margin: 0px; padding: 0px; border: 0px; font: inherit; vertical-align: baseline; max-width: 100%; height: auto !important;\" src=\"http://blog.30shine.com/wp-content/uploads/2020/07/86719842_2531371560411964_7049664426646962176_n.jpg\" sizes=\"(max-width: 900px) 100vw, 900px\" srcset=\"https://blog.30shine.com/wp-content/uploads/2020/07/86719842_2531371560411964_7049664426646962176_n.jpg 900w, https://blog.30shine.com/wp-content/uploads/2020/07/86719842_2531371560411964_7049664426646962176_n-150x150.jpg 150w, https://blog.30shine.com/wp-content/uploads/2020/07/86719842_2531371560411964_7049664426646962176_n-300x300.jpg 300w, https://blog.30shine.com/wp-content/uploads/2020/07/86719842_2531371560411964_7049664426646962176_n-768x768.jpg 768w, https://blog.30shine.com/wp-content/uploads/2020/07/86719842_2531371560411964_7049664426646962176_n-55x55.jpg 55w\" alt=\"\" data-pagespeed-url-hash=\"1627003868\" /></figure>\r\n<h2 style=\"margin: 0px 0px 12px; padding: 0px; border: 0px; font-variant-numeric: inherit; font-variant-east-asian: inherit; font-stretch: inherit; font-size: 24px; line-height: 40px; font-family: Roboto, sans-serif; vertical-align: baseline; color: #444444; background-color: #ffffff;\">1. Thường xuy&ecirc;n phơi t&oacute;c dưới &aacute;nh nắng mặt trời trong thời gian d&agrave;i</h2>\r\n<p style=\"margin: 0px 0px 20px; padding: 0px; border: 0px; font-variant-numeric: inherit; font-variant-east-asian: inherit; font-stretch: inherit; font-size: 13px; line-height: inherit; font-family: Roboto, sans-serif; vertical-align: baseline; color: #818181; background-color: #ffffff;\">Khi tẩy, thuốc sẽ ngấm v&agrave;o t&oacute;c l&agrave;m sợi t&oacute;c nở ra, lớp biểu b&igrave; bọc sợi t&oacute;c bị vỡ. Lượng melanin trong t&oacute;c tẩy sẽ bị giảm đ&aacute;ng kể so với t&oacute;c thường khiến t&oacute;c mất đi khả năng tự bảo vệ. Dưới thời tiết 40 độ của m&ugrave;a h&egrave;, kh&ocirc;ng chỉ l&agrave;n da m&agrave; m&aacute;i t&oacute;c cũng dễ d&agrave;ng bị những tia UV xấu xa x&acirc;m hại. Bởi vậy, khi ra ngo&agrave;i đặc biệt l&agrave; v&agrave;o l&uacute;c trời nắng gắt, h&atilde;y đội mũ để che k&iacute;n t&oacute;c tr&aacute;nh tiếp x&uacute;c trực tiếp dưới &aacute;nh nắng mặt trời.</p>\r\n<h2 style=\"margin: 0px 0px 12px; padding: 0px; border: 0px; font-variant-numeric: inherit; font-variant-east-asian: inherit; font-stretch: inherit; font-size: 24px; line-height: 40px; font-family: Roboto, sans-serif; vertical-align: baseline; color: #444444; background-color: #ffffff;\">2. Gội đầu ngay lập tức trong 3 ng&agrave;y đầu ti&ecirc;n</h2>\r\n<p style=\"margin: 0px 0px 20px; padding: 0px; border: 0px; font-variant-numeric: inherit; font-variant-east-asian: inherit; font-stretch: inherit; font-size: 13px; line-height: inherit; font-family: Roboto, sans-serif; vertical-align: baseline; color: #818181; background-color: #ffffff;\">Đ&acirc;y l&agrave; điều đầu ti&ecirc;n nhưng cực k&igrave; quan trọng m&agrave; bất kể stylist n&agrave;o cũng sẽ dặn anh ngay sau khi tẩy t&oacute;c. 2-3 ng&agrave;y l&agrave; khoảng thời gian để t&oacute;c ngấm thuốc nhuộm n&ecirc;n anh em tr&aacute;nh gội đầu ngay nếu kh&ocirc;ng muốn t&oacute;c phai nhanh.</p>\r\n<figure class=\"wp-block-image\" style=\"margin: 10px 0px 1em; padding: 0px; border: 0px; font-variant-numeric: inherit; font-variant-east-asian: inherit; font-stretch: inherit; font-size: 13px; line-height: inherit; font-family: Roboto, sans-serif; vertical-align: baseline; display: block; max-width: 100%; color: #818181; background-color: #ffffff;\"><img class=\"wp-image-22179\" style=\"margin: 0px; padding: 0px; border: 0px; font: inherit; vertical-align: baseline; max-width: 100%; height: auto !important;\" src=\"https://blog.30shine.com/wp-content/uploads/2020/07/Sau-nhuom-toc-can-cham-soc-nhu-the-nao-30Shine.jpg\" sizes=\"(max-width: 800px) 100vw, 800px\" srcset=\"https://blog.30shine.com/wp-content/uploads/2020/07/Sau-nhuom-toc-can-cham-soc-nhu-the-nao-30Shine.jpg 800w, https://blog.30shine.com/wp-content/uploads/2020/07/Sau-nhuom-toc-can-cham-soc-nhu-the-nao-30Shine-300x199.jpg 300w, https://blog.30shine.com/wp-content/uploads/2020/07/Sau-nhuom-toc-can-cham-soc-nhu-the-nao-30Shine-768x510.jpg 768w\" alt=\"\" data-pagespeed-url-hash=\"3626817289\" /></figure>\r\n<h2 style=\"margin: 0px 0px 12px; padding: 0px; border: 0px; font-variant-numeric: inherit; font-variant-east-asian: inherit; font-stretch: inherit; font-size: 24px; line-height: 40px; font-family: Roboto, sans-serif; vertical-align: baseline; color: #444444; background-color: #ffffff;\">3. Thường xuy&ecirc;n tiếp x&uacute;c với hơi n&oacute;ng, nước n&oacute;ng</h2>\r\n<p style=\"margin: 0px 0px 20px; padding: 0px; border: 0px; font-variant-numeric: inherit; font-variant-east-asian: inherit; font-stretch: inherit; font-size: 13px; line-height: inherit; font-family: Roboto, sans-serif; vertical-align: baseline; color: #818181; background-color: #ffffff;\">Kh&ocirc;ng chỉ t&oacute;c tẩy m&agrave; ngay cả t&oacute;c nhuộm cũng n&ecirc;n hạn chế sử dụng c&aacute;c sản phẩm như m&aacute;y uốn, sấy, c&aacute;c d&ograve;ng m&aacute;y tạo kiểu t&oacute;c để t&oacute;c kh&ocirc;ng bị hư hại th&ecirc;m. Nhiệt độ cao từ những chiếc m&aacute;y n&agrave;y sẽ c&ograve;n c&oacute; thể l&agrave;m cho t&oacute;c anh bị bay m&agrave;u rất nhanh, đặc biệt l&agrave; những t&ocirc;ng m&agrave;u nhuộm s&aacute;ng như kh&oacute;i.</p>\r\n<figure class=\"wp-block-image\" style=\"margin: 10px 0px 1em; padding: 0px; border: 0px; font-variant-numeric: inherit; font-variant-east-asian: inherit; font-stretch: inherit; font-size: 13px; line-height: inherit; font-family: Roboto, sans-serif; vertical-align: baseline; display: block; max-width: 100%; color: #818181; background-color: #ffffff;\"><img class=\"wp-image-22180\" style=\"margin: 0px; padding: 0px; border: 0px; font: inherit; vertical-align: baseline; max-width: 100%; height: auto !important;\" src=\"https://blog.30shine.com/wp-content/uploads/2020/07/mens-hair-dryer.jpg\" sizes=\"(max-width: 860px) 100vw, 860px\" srcset=\"https://blog.30shine.com/wp-content/uploads/2020/07/mens-hair-dryer.jpg 860w, https://blog.30shine.com/wp-content/uploads/2020/07/mens-hair-dryer-300x200.jpg 300w, https://blog.30shine.com/wp-content/uploads/2020/07/mens-hair-dryer-768x512.jpg 768w\" alt=\"\" data-pagespeed-url-hash=\"1071023391\" /></figure>\r\n<p style=\"margin: 0px 0px 20px; padding: 0px; border: 0px; font-variant-numeric: inherit; font-variant-east-asian: inherit; font-stretch: inherit; font-size: 13px; line-height: inherit; font-family: Roboto, sans-serif; vertical-align: baseline; color: #818181; background-color: #ffffff;\">Nếu muốn tạo kiểu bằng m&aacute;y, h&atilde;y nhớ b&ocirc;i hoặc xịt dưỡng t&oacute;c để tạo lớp m&agrave;ng bảo vệ cho t&oacute;c.&nbsp;Đặc biệt để chăm s&oacute;c t&oacute;c tốt nhất, cho d&ugrave; l&agrave; m&ugrave;a đ&ocirc;ng anh cũng chỉ n&ecirc;n d&ugrave;ng nước vừa đủ ấm, tr&aacute;nh d&ugrave;ng nước n&oacute;ng. Nước qu&aacute; n&oacute;ng rất c&oacute; hại cho t&oacute;c tẩy v&agrave; da đầu.</p>\r\n<h2 style=\"margin: 0px 0px 12px; padding: 0px; border: 0px; font-variant-numeric: inherit; font-variant-east-asian: inherit; font-stretch: inherit; font-size: 24px; line-height: 40px; font-family: Roboto, sans-serif; vertical-align: baseline; color: #444444; background-color: #ffffff;\">4. Chỉ nhuộm l&agrave; xong chứ kh&ocirc;ng chăm s&oacute;c</h2>\r\n<figure class=\"wp-block-image\" style=\"margin: 10px 0px 1em; padding: 0px; border: 0px; font-variant-numeric: inherit; font-variant-east-asian: inherit; font-stretch: inherit; font-size: 13px; line-height: inherit; font-family: Roboto, sans-serif; vertical-align: baseline; display: block; max-width: 100%; color: #818181; background-color: #ffffff;\"><img class=\"wp-image-22182\" style=\"margin: 0px; padding: 0px; border: 0px; font: inherit; vertical-align: baseline; max-width: 100%; height: auto !important;\" src=\"https://blog.30shine.com/wp-content/uploads/2020/07/cham-soc-toc-hay-cho-nam-gioi.jpg\" sizes=\"(max-width: 550px) 100vw, 550px\" srcset=\"https://blog.30shine.com/wp-content/uploads/2020/07/cham-soc-toc-hay-cho-nam-gioi.jpg 550w, https://blog.30shine.com/wp-content/uploads/2020/07/cham-soc-toc-hay-cho-nam-gioi-300x242.jpg 300w\" alt=\"\" data-pagespeed-url-hash=\"1366532948\" /></figure>\r\n<p style=\"margin: 0px 0px 20px; padding: 0px; border: 0px; font-variant-numeric: inherit; font-variant-east-asian: inherit; font-stretch: inherit; font-size: 13px; line-height: inherit; font-family: Roboto, sans-serif; vertical-align: baseline; color: #818181; background-color: #ffffff;\">Nếu muốn đẹp th&igrave; kh&ocirc;ng thể lười. T&oacute;c đ&atilde; qua tẩy rồi thường yếu hơn v&agrave; dễ kh&ocirc; xơ. Nếu kh&ocirc;ng thể thường xuy&ecirc;n qua salon hấp t&oacute;c th&igrave; h&atilde;y sắm những sản phẩm dưỡng chuy&ecirc;n dụng d&agrave;nh ri&ecirc;ng cho t&oacute;c tẩy như mặt nạ t&oacute;c, dưỡng c&oacute; chứa protein để phục hồi độ chắc khỏe cho t&oacute;c.</p>\r\n<h2 style=\"margin: 0px 0px 12px; padding: 0px; border: 0px; font-variant-numeric: inherit; font-variant-east-asian: inherit; font-stretch: inherit; font-size: 24px; line-height: 40px; font-family: Roboto, sans-serif; vertical-align: baseline; color: #444444; background-color: #ffffff;\">5. Sử dụng dầu gội thường tinh chất bạc h&agrave;</h2>\r\n<p style=\"margin: 0px 0px 20px; padding: 0px; border: 0px; font-variant-numeric: inherit; font-variant-east-asian: inherit; font-stretch: inherit; font-size: 13px; line-height: inherit; font-family: Roboto, sans-serif; vertical-align: baseline; color: #818181; background-color: #ffffff;\">Đ&atilde; sở hữu một m&aacute;i t&oacute;c c&aacute; t&iacute;nh kh&aacute;c biệt th&igrave; cũng đồng nghĩa với việc anh kh&ocirc;ng n&ecirc;n d&ugrave;ng những loại dầu gội th&ocirc;ng thường, đặc biệt kh&ocirc;ng sử dụng sản phẩm c&oacute; tinh chất bạc h&agrave; &ndash; khắc tinh của t&oacute;c tẩy. Nếu kh&ocirc;ng muốn t&oacute;c bị phai m&agrave;u v&agrave;ng xấu x&iacute; th&igrave; anh h&atilde;y sắm một chai dầu gội t&iacute;m lu&ocirc;n v&agrave; ngay đi v&igrave; dầu t&iacute;m gi&uacute;p trung h&ograve;a sắc v&agrave;ng hay đỏ xỉn tr&ecirc;n t&oacute;c tẩy, giữ cho m&agrave;u t&oacute;c chuẩn, bền m&agrave;u v&agrave; b&oacute;ng hơn.&nbsp;</p>\r\n<figure class=\"wp-block-image\" style=\"margin: 10px 0px 1em; padding: 0px; border: 0px; font-variant-numeric: inherit; font-variant-east-asian: inherit; font-stretch: inherit; font-size: 13px; line-height: inherit; font-family: Roboto, sans-serif; vertical-align: baseline; display: block; max-width: 100%; color: #818181; background-color: #ffffff;\"><img class=\"wp-image-22181\" style=\"margin: 0px; padding: 0px; border: 0px; font: inherit; vertical-align: baseline; max-width: 100%; height: auto !important;\" src=\"https://blog.30shine.com/wp-content/uploads/2020/07/5aedce4a79392e7086026297e59e969c.jpg\" sizes=\"(max-width: 1024px) 100vw, 1024px\" srcset=\"https://blog.30shine.com/wp-content/uploads/2020/07/5aedce4a79392e7086026297e59e969c.jpg 1024w, https://blog.30shine.com/wp-content/uploads/2020/07/5aedce4a79392e7086026297e59e969c-150x150.jpg 150w, https://blog.30shine.com/wp-content/uploads/2020/07/5aedce4a79392e7086026297e59e969c-300x300.jpg 300w, https://blog.30shine.com/wp-content/uploads/2020/07/5aedce4a79392e7086026297e59e969c-768x768.jpg 768w, https://blog.30shine.com/wp-content/uploads/2020/07/5aedce4a79392e7086026297e59e969c-55x55.jpg 55w\" alt=\"\" data-pagespeed-url-hash=\"1183776771\" /></figure>\r\n<p style=\"margin: 0px 0px 20px; padding: 0px; border: 0px; font-variant-numeric: inherit; font-variant-east-asian: inherit; font-stretch: inherit; font-size: 13px; line-height: inherit; font-family: Roboto, sans-serif; vertical-align: baseline; color: #818181; background-color: #ffffff;\">Ngo&agrave;i những b&iacute; k&iacute;p tr&ecirc;n, anh em n&ecirc;n hiểu rằng khi đ&atilde; quyết định tẩy/nhuộm t&oacute;c th&igrave; việc t&oacute;c yếu đi l&agrave; điều kh&ocirc;ng thể tr&aacute;nh khỏi. V&igrave; vậy h&atilde;y đưa ra những sự lựa chọn th&ocirc;ng minh như chọn một salon uy t&iacute;n c&oacute; sử dụng thuốc nhuộm ch&iacute;nh h&atilde;ng được nhập khẩu r&otilde; r&agrave;ng sẽ gi&uacute;p anh hạn chế những rủi ro kh&ocirc;ng đ&aacute;ng c&oacute;.</p>\r\n<p style=\"margin: 0px 0px 20px; padding: 0px; border: 0px; font-variant-numeric: inherit; font-variant-east-asian: inherit; font-stretch: inherit; font-size: 13px; line-height: inherit; font-family: Roboto, sans-serif; vertical-align: baseline; color: #818181; background-color: #ffffff;\">Đồng thời nếu kh&ocirc;ng thể tự chăm s&oacute;c t&oacute;c tẩy ở nh&agrave;, anh em c&oacute; thể đến 30Shine để phục hồi t&oacute;c hư tổn với Protein chỉ với 99k để cung cấp c&aacute;c dưỡng chất cho t&oacute;c mềm mượt, dễ d&agrave;ng vuốt s&aacute;p tạo kiểu hơn.</p>', '5f24c95fc3d20p1.png', 2, 9, '2020-07-25 13:16:04'),
(2, 'Xu hướng màu tóc nhuộm đẹp 2020 cho nam giới chuẩn hot trend', '<p><span style=\"color: #333333; font-family: Roboto, Helvetica, Arial, sans-serif; font-size: 16px; background-color: #ffffff;\">Mỗi loại m&agrave;u nhuộm đều c&oacute; vai tr&ograve; v&agrave; mang những vẻ đẹp kh&aacute;c nhau tới cho c&aacute;c ch&agrave;ng trai. Dưới đ&acirc;y l&agrave; c&aacute;c m&agrave;u t&oacute;c hot trend nhất hiện nay cho nam theo xu hướng năm 2020&nbsp;</span><a style=\"box-sizing: border-box; margin: 0px; padding: 0px; border: 0px; font-variant-numeric: inherit; font-variant-east-asian: inherit; font-stretch: inherit; font-size: 16px; line-height: inherit; font-family: Roboto, Helvetica, Arial, sans-serif; vertical-align: baseline; color: #333333; text-decoration-line: none; background-color: #ffffff;\" title=\"menback\" href=\"https://menback.com/\" data-seo-automated-link-building=\"9\">Menback</a><span style=\"color: #333333; font-family: Roboto, Helvetica, Arial, sans-serif; font-size: 16px; background-color: #ffffff;\">&nbsp;giới thiệu tới c&aacute;c bạn.</span></p>\r\n<h2 style=\"box-sizing: border-box; margin: 0.83em 0px 0.5em; padding: 0px; border: 0px; font-variant-numeric: inherit; font-variant-east-asian: inherit; font-weight: 500; font-stretch: inherit; font-size: 20px; line-height: 1.35; font-family: Roboto, Helvetica, Arial, sans-serif; vertical-align: baseline; color: #212121; text-rendering: optimizelegibility; background-color: #ffffff;\"><span style=\"box-sizing: border-box; margin: 0px; padding: 0px; border: 0px; font-style: inherit; font-variant: inherit; font-weight: bold; font-stretch: inherit; font-size: inherit; line-height: inherit; font-family: inherit; vertical-align: baseline;\">1. T&oacute;c nam nhuộm m&agrave;u v&agrave;ng s&aacute;ng</span></h2>\r\n<p style=\"box-sizing: border-box; margin: 0px 0px 1.25em; padding: 0px; border: 0px; font-variant-numeric: inherit; font-variant-east-asian: inherit; font-stretch: inherit; font-size: 16px; line-height: inherit; font-family: Roboto, Helvetica, Arial, sans-serif; vertical-align: baseline; text-rendering: optimizelegibility; color: #333333; background-color: #ffffff;\">M&agrave;u v&agrave;ng s&aacute;ng kh&ocirc;ng chỉ l&agrave; t&ocirc;ng m&agrave;u s&aacute;ng được nhiều giới trẻ ưu chuộng nhất m&agrave; c&ograve;n ph&ugrave; hợp c&aacute;c m&ugrave;a trong năm bởi n&oacute; tạo cảm gi&aacute;c l&agrave;n da bạn ấm &aacute;p v&agrave; hồng h&agrave;o hơn v&agrave;o đ&ocirc;ng v&agrave; đem tới cảm gi&aacute;c m&aacute;t mẻ v&agrave;o m&ugrave;a h&egrave;.</p>\r\n<p style=\"box-sizing: border-box; margin: 0px 0px 1.25em; padding: 0px; border: 0px; font-variant-numeric: inherit; font-variant-east-asian: inherit; font-stretch: inherit; font-size: 16px; line-height: inherit; font-family: Roboto, Helvetica, Arial, sans-serif; vertical-align: baseline; text-rendering: optimizelegibility; color: #333333; background-color: #ffffff;\">Những kiểu t&oacute;c xoăn nam theo phong c&aacute;ch H&agrave;n Quốc c&agrave;ng l&ocirc;i cuốn hơn, c&aacute; t&iacute;nh hơn khi kết hợp c&aacute;c t&ocirc;ng m&agrave;u nổi bật nhất mang phong c&aacute;ch đẹp v&agrave; sang trọng nhất. Với nhiều m&agrave;u sắc đẹp nhất định sẽ mang lại cho nam giới một c&aacute; t&iacute;nh của ri&ecirc;ng m&igrave;nh.</p>\r\n<figure id=\"attachment_6789\" class=\"wp-caption aligncenter\" style=\"box-sizing: border-box; margin-top: 5px; margin-bottom: 1.25em; padding: 0px; border: 0px; font-variant-numeric: inherit; font-variant-east-asian: inherit; font-stretch: inherit; font-size: 16px; line-height: inherit; font-family: Roboto, Helvetica, Arial, sans-serif; vertical-align: baseline; display: block; text-align: center; max-width: 100%; color: #333333; background-color: #ffffff; width: 488px;\" aria-describedby=\"caption-attachment-6789\"><img class=\"wp-image-6789 size-large\" style=\"box-sizing: border-box; margin: 0px; padding: 0px; border: 0px none; font: inherit; vertical-align: middle; max-width: 100%; height: auto; width: auto;\" src=\"https://menback.com/wp-content/uploads/2020/02/toc-nam-nhuom-mau-vang-dep-488x506.jpg\" sizes=\"(max-width: 488px) 100vw, 488px\" srcset=\"https://menback.com/wp-content/uploads/2020/02/toc-nam-nhuom-mau-vang-dep-488x506.jpg 488w, https://menback.com/wp-content/uploads/2020/02/toc-nam-nhuom-mau-vang-dep-386x400.jpg 386w, https://menback.com/wp-content/uploads/2020/02/toc-nam-nhuom-mau-vang-dep-768x796.jpg 768w, https://menback.com/wp-content/uploads/2020/02/toc-nam-nhuom-mau-vang-dep-750x777.jpg 750w, https://menback.com/wp-content/uploads/2020/02/toc-nam-nhuom-mau-vang-dep.jpg 800w\" alt=\"toc nam nhuom mau vang dep\" width=\"488\" height=\"506\" data-pin-no-hover=\"true\" />\r\n<figcaption id=\"caption-attachment-6789\" class=\"wp-caption-text\" style=\"box-sizing: border-box; margin: 3px 0px 0px; padding: 0px; border: 0px; font-style: inherit; font-variant: inherit; font-weight: inherit; font-stretch: inherit; font-size: 12px; line-height: inherit; font-family: inherit; vertical-align: baseline; color: #a0a0a0;\">Xu hướng m&agrave;u t&oacute;c nhuộm đẹp 2020 cho nam giới chuẩn hot trend.</figcaption>\r\n</figure>\r\n<h2 style=\"box-sizing: border-box; margin: 0.83em 0px 0.5em; padding: 0px; border: 0px; font-variant-numeric: inherit; font-variant-east-asian: inherit; font-weight: 500; font-stretch: inherit; font-size: 20px; line-height: 1.35; font-family: Roboto, Helvetica, Arial, sans-serif; vertical-align: baseline; color: #212121; text-rendering: optimizelegibility; background-color: #ffffff;\"><span style=\"box-sizing: border-box; margin: 0px; padding: 0px; border: 0px; font-style: inherit; font-variant: inherit; font-weight: bold; font-stretch: inherit; font-size: inherit; line-height: inherit; font-family: inherit; vertical-align: baseline;\">2. Xu hướng m&agrave;u t&oacute;c n&acirc;u chocolate trở lại</span></h2>\r\n<p style=\"box-sizing: border-box; margin: 0px 0px 1.25em; padding: 0px; border: 0px; font-variant-numeric: inherit; font-variant-east-asian: inherit; font-stretch: inherit; font-size: 16px; line-height: inherit; font-family: Roboto, Helvetica, Arial, sans-serif; vertical-align: baseline; text-rendering: optimizelegibility; color: #333333; background-color: #ffffff;\">Một m&agrave;u t&oacute;c kh&ocirc;ng thể thiếu trong BST c&aacute;c m&agrave;u t&oacute;c 2020 sắp tới. C&aacute;c bạn sẽ kh&ocirc;ng phải đầu tư qu&aacute; nhiều thời gian trong việc lựa chọn trang phục ph&ugrave; hợp với m&agrave;u t&oacute;c n&agrave;y. Nhiều chuy&ecirc;n gia t&oacute;c c&ograve;n dự đo&aacute;n: M&agrave;u n&acirc;u chocolate n&agrave;y c&oacute; thể sẽ tạo n&ecirc;n xu hướng m&agrave;u t&oacute;c đẹp 2020 sắp tới. Chocolate l&agrave; m&agrave;u kh&ocirc;ng mới nhưng chưa bao giờ hết hot, nếu bạn muốn c&oacute; một m&aacute;i t&oacute;c kh&ocirc;ng qu&aacute; nổi bật th&igrave; đ&acirc;y sẽ l&agrave; một gợi &yacute; m&agrave;u t&oacute;c ho&agrave;n hảo cho nam giới. Vẻ tự nhi&ecirc;n của chocolate sẽ gi&uacute;p t&ocirc;n da, khiến gương mặt bạn trở n&ecirc;n tươi s&aacute;ng v&agrave; rạng ngời hơn.</p>\r\n<figure id=\"attachment_6788\" class=\"wp-caption aligncenter\" style=\"box-sizing: border-box; margin-top: 5px; margin-bottom: 1.25em; padding: 0px; border: 0px; font-variant-numeric: inherit; font-variant-east-asian: inherit; font-stretch: inherit; font-size: 16px; line-height: inherit; font-family: Roboto, Helvetica, Arial, sans-serif; vertical-align: baseline; display: block; text-align: center; max-width: 100%; color: #333333; background-color: #ffffff; width: 640px;\" aria-describedby=\"caption-attachment-6788\"><img class=\"wp-image-6788 size-full\" style=\"box-sizing: border-box; margin: 0px; padding: 0px; border: 0px none; font: inherit; vertical-align: middle; max-width: 100%; height: auto; width: auto;\" src=\"https://menback.com/wp-content/uploads/2020/02/toc-nam-mau-nau-chocolate.jpg\" sizes=\"(max-width: 640px) 100vw, 640px\" srcset=\"https://menback.com/wp-content/uploads/2020/02/toc-nam-mau-nau-chocolate.jpg 640w, https://menback.com/wp-content/uploads/2020/02/toc-nam-mau-nau-chocolate-400x309.jpg 400w\" alt=\"toc nam mau nau chocolate\" width=\"640\" height=\"494\" data-pin-no-hover=\"true\" />\r\n<figcaption id=\"caption-attachment-6788\" class=\"wp-caption-text\" style=\"box-sizing: border-box; margin: 3px 0px 0px; padding: 0px; border: 0px; font-style: inherit; font-variant: inherit; font-weight: inherit; font-stretch: inherit; font-size: 12px; line-height: inherit; font-family: inherit; vertical-align: baseline; color: #a0a0a0;\">Xu hướng m&agrave;u t&oacute;c nhuộm đẹp 2020 cho nam giới chuẩn hot trend</figcaption>\r\n</figure>\r\n<h2 style=\"box-sizing: border-box; margin: 0.83em 0px 0.5em; padding: 0px; border: 0px; font-variant-numeric: inherit; font-variant-east-asian: inherit; font-weight: 500; font-stretch: inherit; font-size: 20px; line-height: 1.35; font-family: Roboto, Helvetica, Arial, sans-serif; vertical-align: baseline; color: #212121; text-rendering: optimizelegibility; background-color: #ffffff;\"><span style=\"box-sizing: border-box; margin: 0px; padding: 0px; border: 0px; font-style: inherit; font-variant: inherit; font-weight: bold; font-stretch: inherit; font-size: inherit; line-height: inherit; font-family: inherit; vertical-align: baseline;\">3. T&oacute;c nam nhuộm m&agrave;u n&acirc;u gỗ 2020</span></h2>\r\n<p style=\"box-sizing: border-box; margin: 0px 0px 1.25em; padding: 0px; border: 0px; font-variant-numeric: inherit; font-variant-east-asian: inherit; font-stretch: inherit; font-size: 16px; line-height: inherit; font-family: Roboto, Helvetica, Arial, sans-serif; vertical-align: baseline; text-rendering: optimizelegibility; color: #333333; background-color: #ffffff;\">Vừa bắt kịp m&ugrave;a mốt t&oacute;c 2020 lại gi&uacute;p l&agrave; da s&aacute;ng, tươi trẻ hơn. Nhưng m&agrave;u n&acirc;u gỗ n&agrave;y hơi k&eacute;n t&oacute;c, n&oacute; kh&ocirc;ng th&iacute;ch hợp với nam giới để t&oacute;c ngắn, c&ograve;n nếu để t&oacute;c d&agrave;i th&igrave; đ&acirc;y sẽ l&agrave; lợi thế để mang lại cảm gi&aacute;c ấm &aacute;p cho gương mặt v&agrave; l&agrave;n da.</p>\r\n<p style=\"box-sizing: border-box; margin: 0px 0px 1.25em; padding: 0px; border: 0px; font-variant-numeric: inherit; font-variant-east-asian: inherit; font-stretch: inherit; font-size: 16px; line-height: inherit; font-family: Roboto, Helvetica, Arial, sans-serif; vertical-align: baseline; text-rendering: optimizelegibility; color: #333333; background-color: #ffffff;\">Th&ocirc;ng thường, da của con người được chia ra l&agrave;m 2 loại: t&ocirc;ng m&agrave;u da lanh v&agrave; t&ocirc;ng m&agrave;u da n&oacute;ng. Để ph&acirc;n biệt t&ocirc;ng m&agrave;u n&agrave;y c&oacute; một c&aacute;ch dễ d&agrave;ng, khi bạn nh&igrave;n da m&igrave;nh dưới &aacute;nh s&aacute;ng mặt trời sẽ xuất hiện những đường g&acirc;n dưới da. Nếu đường g&acirc;n hiển thị m&agrave;u xanh dương th&igrave; bạn thuộc tu&yacute;p người c&oacute; da t&ocirc;ng lạnh. Ngược lại, nếu g&acirc;n c&oacute; m&agrave;u xanh l&aacute; c&acirc;y th&igrave; bạn c&oacute; da t&ocirc;ng n&oacute;ng. C&ograve;n nếu c&oacute; cả 2 g&acirc;n n&agrave;y gần bằng nhau th&igrave; da bạn thuộc t&ocirc;ng da trung t&iacute;nh.</p>\r\n<figure id=\"attachment_6787\" class=\"wp-caption aligncenter\" style=\"box-sizing: border-box; margin-top: 5px; margin-bottom: 1.25em; padding: 0px; border: 0px; font-variant-numeric: inherit; font-variant-east-asian: inherit; font-stretch: inherit; font-size: 16px; line-height: inherit; font-family: Roboto, Helvetica, Arial, sans-serif; vertical-align: baseline; display: block; text-align: center; max-width: 100%; color: #333333; background-color: #ffffff; width: 500px;\" aria-describedby=\"caption-attachment-6787\"><img class=\"wp-image-6787 size-full\" style=\"box-sizing: border-box; margin: 0px; padding: 0px; border: 0px none; font: inherit; vertical-align: middle; max-width: 100%; height: auto; width: auto;\" src=\"https://menback.com/wp-content/uploads/2020/02/toc-nam-mau-nau-go-2020.jpg\" sizes=\"(max-width: 500px) 100vw, 500px\" srcset=\"https://menback.com/wp-content/uploads/2020/02/toc-nam-mau-nau-go-2020.jpg 500w, https://menback.com/wp-content/uploads/2020/02/toc-nam-mau-nau-go-2020-400x400.jpg 400w, https://menback.com/wp-content/uploads/2020/02/toc-nam-mau-nau-go-2020-75x75.jpg 75w\" alt=\"toc nam mau nau go 2020\" width=\"500\" height=\"501\" data-pin-no-hover=\"true\" />\r\n<figcaption id=\"caption-attachment-6787\" class=\"wp-caption-text\" style=\"box-sizing: border-box; margin: 3px 0px 0px; padding: 0px; border: 0px; font-style: inherit; font-variant: inherit; font-weight: inherit; font-stretch: inherit; font-size: 12px; line-height: inherit; font-family: inherit; vertical-align: baseline; color: #a0a0a0;\">Xu hướng m&agrave;u t&oacute;c nhuộm đẹp 2020 cho nam giới chuẩn hot trend</figcaption>\r\n</figure>\r\n<h2 style=\"box-sizing: border-box; margin: 0.83em 0px 0.5em; padding: 0px; border: 0px; font-variant-numeric: inherit; font-variant-east-asian: inherit; font-weight: 500; font-stretch: inherit; font-size: 20px; line-height: 1.35; font-family: Roboto, Helvetica, Arial, sans-serif; vertical-align: baseline; color: #212121; text-rendering: optimizelegibility; background-color: #ffffff;\"><span style=\"box-sizing: border-box; margin: 0px; padding: 0px; border: 0px; font-style: inherit; font-variant: inherit; font-weight: bold; font-stretch: inherit; font-size: inherit; line-height: inherit; font-family: inherit; vertical-align: baseline;\">4. T&oacute;c nam nhuộm m&agrave;u n&acirc;u đỏ</span></h2>\r\n<p style=\"box-sizing: border-box; margin: 0px 0px 1.25em; padding: 0px; border: 0px; font-variant-numeric: inherit; font-variant-east-asian: inherit; font-stretch: inherit; font-size: 16px; line-height: inherit; font-family: Roboto, Helvetica, Arial, sans-serif; vertical-align: baseline; text-rendering: optimizelegibility; color: #333333; background-color: #ffffff;\">M&agrave;u n&acirc;u đỏ gi&uacute;p da mặt nam giới tr&ocirc;ng s&aacute;ng hơn nhưng vẫn đảm bảo yếu tổ&nbsp;<a style=\"box-sizing: border-box; margin: 0px; padding: 0px; border: 0px; font: inherit; vertical-align: baseline; color: #333333; text-decoration-line: none;\" title=\"thời trang\" href=\"https://menback.com/thoi-trang\" data-seo-automated-link-building=\"2\">thời trang</a>. Tuy nhi&ecirc;n, để c&oacute; được m&aacute;i t&oacute;c đẹp, khi nhuộm t&oacute;c phải c&acirc;n bằng tỷ lệ ho&agrave;n hảo giữa m&agrave;u n&acirc;u v&agrave; đỏ. V&igrave; nếu c&oacute; sai lệch th&igrave; sẽ th&agrave;nh t&ocirc;ng m&agrave;u đỏ. V&agrave; t&ocirc;ng m&agrave;u n&agrave;y sẽ nổi bật hơn rất nhiều những g&igrave; anh em tưởng tượng trước đ&oacute;.</p>\r\n<figure id=\"attachment_6786\" class=\"wp-caption aligncenter\" style=\"box-sizing: border-box; margin-top: 5px; margin-bottom: 1.25em; padding: 0px; border: 0px; font-variant-numeric: inherit; font-variant-east-asian: inherit; font-stretch: inherit; font-size: 16px; line-height: inherit; font-family: Roboto, Helvetica, Arial, sans-serif; vertical-align: baseline; display: block; text-align: center; max-width: 100%; color: #333333; background-color: #ffffff; width: 500px;\" aria-describedby=\"caption-attachment-6786\"><img class=\"wp-image-6786 size-full\" style=\"box-sizing: border-box; margin: 0px; padding: 0px; border: 0px none; font: inherit; vertical-align: middle; max-width: 100%; height: auto; width: auto;\" src=\"https://menback.com/wp-content/uploads/2020/02/xu-huong-mau-toc-nam-2020.jpg\" sizes=\"(max-width: 500px) 100vw, 500px\" srcset=\"https://menback.com/wp-content/uploads/2020/02/xu-huong-mau-toc-nam-2020.jpg 500w, https://menback.com/wp-content/uploads/2020/02/xu-huong-mau-toc-nam-2020-400x266.jpg 400w\" alt=\"xu huong mau toc nam 2020\" width=\"500\" height=\"333\" data-pin-no-hover=\"true\" />\r\n<figcaption id=\"caption-attachment-6786\" class=\"wp-caption-text\" style=\"box-sizing: border-box; margin: 3px 0px 0px; padding: 0px; border: 0px; font-style: inherit; font-variant: inherit; font-weight: inherit; font-stretch: inherit; font-size: 12px; line-height: inherit; font-family: inherit; vertical-align: baseline; color: #a0a0a0;\">Xu hướng m&agrave;u t&oacute;c nhuộm đẹp 2020 cho nam giới chuẩn hot trend</figcaption>\r\n</figure>\r\n<h2 style=\"box-sizing: border-box; margin: 0.83em 0px 0.5em; padding: 0px; border: 0px; font-variant-numeric: inherit; font-variant-east-asian: inherit; font-weight: 500; font-stretch: inherit; font-size: 20px; line-height: 1.35; font-family: Roboto, Helvetica, Arial, sans-serif; vertical-align: baseline; color: #212121; text-rendering: optimizelegibility; background-color: #ffffff;\"><span style=\"box-sizing: border-box; margin: 0px; padding: 0px; border: 0px; font-style: inherit; font-variant: inherit; font-weight: bold; font-stretch: inherit; font-size: inherit; line-height: inherit; font-family: inherit; vertical-align: baseline;\">5. M&agrave;u t&oacute;c nam nhuộm highlight</span></h2>\r\n<p style=\"box-sizing: border-box; margin: 0px 0px 1.25em; padding: 0px; border: 0px; font-variant-numeric: inherit; font-variant-east-asian: inherit; font-stretch: inherit; font-size: 16px; line-height: inherit; font-family: Roboto, Helvetica, Arial, sans-serif; vertical-align: baseline; text-rendering: optimizelegibility; color: #333333; background-color: #ffffff;\">T&oacute;c highlight l&agrave; một lựa chọn ph&ugrave; hợp với hầu hết mọi kiểu đầu d&agrave;nh cho c&aacute;c ch&agrave;ng. Khi nhuộm highlight c&aacute;c lớp t&oacute;c nhuộm xen kẽ với m&agrave;u t&oacute;c gốc sẽ l&agrave; một điểm nhấn ấn tượng. Với m&aacute;i t&oacute;c đen, bạn c&oacute; thể chọn highlight m&agrave;u n&acirc;u hoặc v&agrave;ng sẫm. Với m&aacute;i t&oacute;c m&agrave;u hơi s&aacute;ng sẽ ph&ugrave; hợp với highlight m&agrave;u v&agrave;ng s&aacute;ng hoặc bạch kim.</p>\r\n<figure id=\"attachment_6785\" class=\"wp-caption aligncenter\" style=\"box-sizing: border-box; margin-top: 5px; margin-bottom: 1.25em; padding: 0px; border: 0px; font-variant-numeric: inherit; font-variant-east-asian: inherit; font-stretch: inherit; font-size: 16px; line-height: inherit; font-family: Roboto, Helvetica, Arial, sans-serif; vertical-align: baseline; display: block; text-align: center; max-width: 100%; color: #333333; background-color: #ffffff; width: 434px;\" aria-describedby=\"caption-attachment-6785\"><img class=\"wp-image-6785 size-large\" style=\"box-sizing: border-box; margin: 0px; padding: 0px; border: 0px none; font: inherit; vertical-align: middle; max-width: 100%; height: auto; width: auto;\" src=\"https://menback.com/wp-content/uploads/2020/02/toc-nam-highlight-2020-434x506.jpg\" sizes=\"(max-width: 434px) 100vw, 434px\" srcset=\"https://menback.com/wp-content/uploads/2020/02/toc-nam-highlight-2020-434x506.jpg 434w, https://menback.com/wp-content/uploads/2020/02/toc-nam-highlight-2020-343x400.jpg 343w, https://menback.com/wp-content/uploads/2020/02/toc-nam-highlight-2020-768x895.jpg 768w, https://menback.com/wp-content/uploads/2020/02/toc-nam-highlight-2020-750x874.jpg 750w, https://menback.com/wp-content/uploads/2020/02/toc-nam-highlight-2020.jpg 800w\" alt=\"toc nam highlight 2020\" width=\"434\" height=\"506\" data-pin-no-hover=\"true\" />\r\n<figcaption id=\"caption-attachment-6785\" class=\"wp-caption-text\" style=\"box-sizing: border-box; margin: 3px 0px 0px; padding: 0px; border: 0px; font-style: inherit; font-variant: inherit; font-weight: inherit; font-stretch: inherit; font-size: 12px; line-height: inherit; font-family: inherit; vertical-align: baseline; color: #a0a0a0;\">Xu hướng m&agrave;u t&oacute;c nhuộm đẹp 2020 cho nam giới chuẩn hot trend</figcaption>\r\n</figure>\r\n<h2 style=\"box-sizing: border-box; margin: 0.83em 0px 0.5em; padding: 0px; border: 0px; font-variant-numeric: inherit; font-variant-east-asian: inherit; font-weight: 500; font-stretch: inherit; font-size: 20px; line-height: 1.35; font-family: Roboto, Helvetica, Arial, sans-serif; vertical-align: baseline; color: #212121; text-rendering: optimizelegibility; background-color: #ffffff;\"><span style=\"box-sizing: border-box; margin: 0px; padding: 0px; border: 0px; font-style: inherit; font-variant: inherit; font-weight: bold; font-stretch: inherit; font-size: inherit; line-height: inherit; font-family: inherit; vertical-align: baseline;\">6. Xu hướng nhuộm t&oacute;c m&agrave;u rượu vang</span></h2>\r\n<p style=\"box-sizing: border-box; margin: 0px 0px 1.25em; padding: 0px; border: 0px; font-variant-numeric: inherit; font-variant-east-asian: inherit; font-stretch: inherit; font-size: 16px; line-height: inherit; font-family: Roboto, Helvetica, Arial, sans-serif; vertical-align: baseline; text-rendering: optimizelegibility; color: #333333; background-color: #ffffff;\">M&agrave;u đỏ rượu vang rất ph&ugrave; hợp với những ch&agrave;ng trai y&ecirc;u th&iacute;ch sự lịch l&atilde;m v&agrave; phong c&aacute;ch hiện đại trẻ trung. Do đ&oacute;, đ&acirc;y m&agrave;u t&oacute;c m&agrave; nam giới kh&ocirc;ng thể kh&ocirc;ng thử một lần trong đời để l&agrave;m mới bản th&acirc;n. M&agrave;u rượu vang gi&uacute;p da mặt bạn tr&ocirc;ng s&aacute;ng hơn v&agrave; cũng cực kỳ thời trang nữa đ&oacute;.</p>\r\n<p style=\"box-sizing: border-box; margin: 0px 0px 1.25em; padding: 0px; border: 0px; font-variant-numeric: inherit; font-variant-east-asian: inherit; font-stretch: inherit; font-size: 16px; line-height: inherit; font-family: Roboto, Helvetica, Arial, sans-serif; vertical-align: baseline; text-rendering: optimizelegibility; color: #333333; background-color: #ffffff;\">Một bộ vest lịch l&atilde;m hay một bộ trang phục bụi bặm c&aacute; t&iacute;nh cũng rất hợp m&aacute;i t&oacute;c nhuộm m&agrave;u đỏ rượu vang n&agrave;y n&ecirc;n bạn c&oacute; thể dễ d&agrave;ng thay đổi phong c&aacute;ch của m&igrave;nh đa dạng hơn. M&agrave;u nhuộm rượu vang mang đến cho nam giới sự trẻ trung năng động. M&agrave;u n&agrave;y cũng l&agrave;m cho da mặt của ch&uacute;ng ta s&aacute;ng hơn tạo cảm gi&aacute;c cuốn h&uacute;t.</p>\r\n<div class=\"google-auto-placed ap_container\" style=\"box-sizing: border-box; margin: 0px; padding: 0px; border: 0px; font-variant-numeric: inherit; font-variant-east-asian: inherit; font-stretch: inherit; font-size: 16px; line-height: inherit; font-family: Roboto, Helvetica, Arial, sans-serif; vertical-align: baseline; color: #333333; background-color: #ffffff; width: 750px; height: auto; clear: none; text-align: center;\"><ins class=\"adsbygoogle adsbygoogle-noablate\" style=\"box-sizing: border-box; margin: auto; padding: 0px; border: 0px; font: inherit; vertical-align: baseline; background: transparent; display: block; height: 280px;\" data-ad-format=\"auto\" data-ad-client=\"ca-pub-5999896178436646\" data-adsbygoogle-status=\"done\"><ins id=\"aswift_2_expand\" style=\"box-sizing: border-box; margin: 0px; padding: 0px; border: none; font: inherit; vertical-align: baseline; background: transparent; display: inline-table; height: 280px; position: relative; visibility: visible; width: 750px;\"><ins id=\"aswift_2_anchor\" style=\"box-sizing: border-box; margin: 0px; padding: 0px; border: none; font: inherit; vertical-align: baseline; background: transparent; display: block; height: 280px; position: relative; visibility: visible; width: 750px; overflow: visible;\"><iframe id=\"aswift_2\" style=\"box-sizing: border-box; margin: 0px; padding: 0px; border-width: 0px; border-style: initial; font: inherit; vertical-align: baseline; left: 0px; position: absolute; top: 0px; width: 750px; height: 280px;\" src=\"https://googleads.g.doubleclick.net/pagead/ads?client=ca-pub-5999896178436646&amp;output=html&amp;h=280&amp;adk=144910138&amp;adf=4143059224&amp;w=750&amp;fwrn=4&amp;fwrnh=100&amp;lmt=1596271277&amp;num_ads=1&amp;rafmt=1&amp;armr=3&amp;sem=mc&amp;pwprc=5957974524&amp;psa=0&amp;guci=2.2.0.0.2.2.0.0&amp;ad_type=text_image&amp;format=750x280&amp;url=https%3A%2F%2Fmenback.com%2Fco-the%2Fxu-huong-mau-toc-nhuom-dep-2020-cho-nam-gioi-chuan-hot-trend.html&amp;flash=0&amp;fwr=0&amp;pra=3&amp;rh=188&amp;rw=750&amp;rpe=1&amp;resp_fmts=3&amp;wgl=1&amp;fa=27&amp;adsid=ChAI8KWU-QUQ3Nuv_5mTwfAxEkgAddE0FvNuiXca_9Kp82D1vGZbKCtuBPQ4RGc_zPLQCdU-X5_tClO62tTCo6RXTs7Z7CgrY0dFnoYfuewXEZy3n6Ho5UxOcFc&amp;dt=1596271277225&amp;bpp=3&amp;bdt=1459&amp;idt=-M&amp;shv=r20200729&amp;cbv=r20190131&amp;ptt=9&amp;saldr=aa&amp;abxe=1&amp;cookie=ID%3D71c6fc841fe50e28%3AT%3D1596271261%3AS%3DALNI_MYbao6_AFSovAnGbewhZRZZLrMgkQ&amp;prev_fmts=0x0&amp;nras=2&amp;correlator=4203958274839&amp;frm=20&amp;pv=1&amp;ga_vid=428027696.1596271277&amp;ga_sid=1596271277&amp;ga_hid=1609660656&amp;ga_fc=0&amp;iag=0&amp;icsg=4233716767391743&amp;dssz=52&amp;mdo=0&amp;mso=0&amp;u_tz=420&amp;u_his=4&amp;u_java=0&amp;u_h=864&amp;u_w=1536&amp;u_ah=824&amp;u_aw=1536&amp;u_cd=24&amp;u_nplug=3&amp;u_nmime=4&amp;adx=190&amp;ady=4712&amp;biw=1519&amp;bih=754&amp;scr_x=0&amp;scr_y=0&amp;eid=42530557%2C42530559%2C21066922%2C21066533%2C21066807&amp;oid=3&amp;pvsid=3441985916710413&amp;pem=612&amp;ref=https%3A%2F%2Fwww.google.com%2F&amp;rx=0&amp;eae=0&amp;fc=1408&amp;brdim=0%2C0%2C0%2C0%2C1536%2C0%2C1536%2C824%2C1536%2C754&amp;vis=1&amp;rsz=%7C%7Cs%7C&amp;abl=NS&amp;fu=8320&amp;bc=31&amp;jar=2020-08-01-08&amp;ifi=2&amp;uci=a!2&amp;btvi=1&amp;fsb=1&amp;xpc=hvmMuedvSE&amp;p=https%3A//menback.com&amp;dtd=19\" name=\"aswift_2\" width=\"750\" height=\"280\" frameborder=\"0\" marginwidth=\"0\" marginheight=\"0\" scrolling=\"no\" sandbox=\"allow-forms allow-pointer-lock allow-popups allow-popups-to-escape-sandbox allow-same-origin allow-scripts allow-top-navigation-by-user-activation\" allowfullscreen=\"true\" data-google-container-id=\"a!2\" data-google-query-id=\"CPHu3-zN-eoCFY67lgodQuMHlg\" data-load-complete=\"true\"></iframe></ins></ins></ins></div>\r\n<p style=\"box-sizing: border-box; margin: 0px 0px 1.25em; padding: 0px; border: 0px; font-variant-numeric: inherit; font-variant-east-asian: inherit; font-stretch: inherit; font-size: 16px; line-height: inherit; font-family: Roboto, Helvetica, Arial, sans-serif; vertical-align: baseline; text-rendering: optimizelegibility; color: #333333; background-color: #ffffff;\">&gt;&gt; Xem th&ecirc;m:&nbsp;<span style=\"box-sizing: border-box; margin: 0px; padding: 0px; border: 0px; font-style: inherit; font-variant: inherit; font-weight: bold; font-stretch: inherit; font-size: inherit; line-height: inherit; font-family: inherit; vertical-align: baseline;\"><a style=\"box-sizing: border-box; margin: 0px; padding: 0px; border: 0px; font: inherit; vertical-align: baseline; color: #333333; text-decoration-line: none;\" href=\"https://menback.com/co-the/xu-huong-toc-nam-2020-dau-la-kieu-toc-nam-hot-trend-dep-nhat.html\">Xu hướng t&oacute;c nam 2020: đ&acirc;u l&agrave; kiểu t&oacute;c nam hot trend đẹp nhất?</a></span></p>\r\n<figure id=\"attachment_6784\" class=\"wp-caption aligncenter\" style=\"box-sizing: border-box; margin-top: 5px; margin-bottom: 1.25em; padding: 0px; border: 0px; font-variant-numeric: inherit; font-variant-east-asian: inherit; font-stretch: inherit; font-size: 16px; line-height: inherit; font-family: Roboto, Helvetica, Arial, sans-serif; vertical-align: baseline; display: block; text-align: center; max-width: 100%; color: #333333; background-color: #ffffff; width: 675px;\" aria-describedby=\"caption-attachment-6784\"><img class=\"wp-image-6784 size-large\" style=\"box-sizing: border-box; margin: 0px; padding: 0px; border: 0px none; font: inherit; vertical-align: middle; max-width: 100%; height: auto; width: auto;\" src=\"https://menback.com/wp-content/uploads/2020/02/nhuom-toc-mau-ruou-vang-cho-nam-xu-huong-2020-675x506.jpg\" sizes=\"(max-width: 675px) 100vw, 675px\" srcset=\"https://menback.com/wp-content/uploads/2020/02/nhuom-toc-mau-ruou-vang-cho-nam-xu-huong-2020-675x506.jpg 675w, https://menback.com/wp-content/uploads/2020/02/nhuom-toc-mau-ruou-vang-cho-nam-xu-huong-2020-400x300.jpg 400w, https://menback.com/wp-content/uploads/2020/02/nhuom-toc-mau-ruou-vang-cho-nam-xu-huong-2020-768x576.jpg 768w, https://menback.com/wp-content/uploads/2020/02/nhuom-toc-mau-ruou-vang-cho-nam-xu-huong-2020-750x563.jpg 750w, https://menback.com/wp-content/uploads/2020/02/nhuom-toc-mau-ruou-vang-cho-nam-xu-huong-2020.jpg 1000w\" alt=\"nhuom toc mau ruou vang cho nam xu huong 2020\" width=\"675\" height=\"506\" data-pin-no-hover=\"true\" />\r\n<figcaption id=\"caption-attachment-6784\" class=\"wp-caption-text\" style=\"box-sizing: border-box; margin: 3px 0px 0px; padding: 0px; border: 0px; font-style: inherit; font-variant: inherit; font-weight: inherit; font-stretch: inherit; font-size: 12px; line-height: inherit; font-family: inherit; vertical-align: baseline; color: #a0a0a0;\">Xu hướng m&agrave;u t&oacute;c nhuộm đẹp 2020 cho nam giới chuẩn hot trend</figcaption>\r\n</figure>\r\n<h2 style=\"box-sizing: border-box; margin: 0.83em 0px 0.5em; padding: 0px; border: 0px; font-variant-numeric: inherit; font-variant-east-asian: inherit; font-weight: 500; font-stretch: inherit; font-size: 20px; line-height: 1.35; font-family: Roboto, Helvetica, Arial, sans-serif; vertical-align: baseline; color: #212121; text-rendering: optimizelegibility; background-color: #ffffff;\"><span style=\"box-sizing: border-box; margin: 0px; padding: 0px; border: 0px; font-style: inherit; font-variant: inherit; font-weight: bold; font-stretch: inherit; font-size: inherit; line-height: inherit; font-family: inherit; vertical-align: baseline;\">7. T&oacute;c nhuộm m&agrave;u r&ecirc;u kh&oacute;i đẹp</span></h2>\r\n<p style=\"box-sizing: border-box; margin: 0px 0px 1.25em; padding: 0px; border: 0px; font-variant-numeric: inherit; font-variant-east-asian: inherit; font-stretch: inherit; font-size: 16px; line-height: inherit; font-family: Roboto, Helvetica, Arial, sans-serif; vertical-align: baseline; text-rendering: optimizelegibility; color: #333333; background-color: #ffffff;\">Rất nhiều bạn nam y&ecirc;u th&iacute;ch m&agrave;u r&ecirc;u kh&oacute;i bởi sự thời thượng cũng như ph&aacute; c&aacute;ch của n&oacute;. M&agrave;u r&ecirc;u kh&oacute;i t&ocirc;ng trầm gi&uacute;p cho bạn dễ d&agrave;ng nổi bật m&agrave; lại kh&ocirc;ng bị qu&aacute; lố, m&agrave;u sắc n&agrave;y thường ph&ugrave; hợp với c&aacute;c bạn nam c&oacute; m&agrave;u da s&aacute;ng v&agrave; c&oacute; phong c&aacute;ch trẻ trung, năng động.</p>\r\n<figure id=\"attachment_6783\" class=\"wp-caption aligncenter\" style=\"box-sizing: border-box; margin-top: 5px; margin-bottom: 1.25em; padding: 0px; border: 0px; font-variant-numeric: inherit; font-variant-east-asian: inherit; font-stretch: inherit; font-size: 16px; line-height: inherit; font-family: Roboto, Helvetica, Arial, sans-serif; vertical-align: baseline; display: block; text-align: center; max-width: 100%; color: #333333; background-color: #ffffff; width: 506px;\" aria-describedby=\"caption-attachment-6783\"><img class=\"wp-image-6783 size-large\" style=\"box-sizing: border-box; margin: 0px; padding: 0px; border: 0px none; font: inherit; vertical-align: middle; max-width: 100%; height: auto; width: auto;\" src=\"https://menback.com/wp-content/uploads/2020/02/toc-nam-mau-reu-khoi-2020-506x506.jpg\" sizes=\"(max-width: 506px) 100vw, 506px\" srcset=\"https://menback.com/wp-content/uploads/2020/02/toc-nam-mau-reu-khoi-2020-506x506.jpg 506w, https://menback.com/wp-content/uploads/2020/02/toc-nam-mau-reu-khoi-2020-400x400.jpg 400w, https://menback.com/wp-content/uploads/2020/02/toc-nam-mau-reu-khoi-2020-75x75.jpg 75w, https://menback.com/wp-content/uploads/2020/02/toc-nam-mau-reu-khoi-2020.jpg 600w\" alt=\"toc nam mau reu khoi 2020\" width=\"506\" height=\"506\" data-pin-no-hover=\"true\" />\r\n<figcaption id=\"caption-attachment-6783\" class=\"wp-caption-text\" style=\"box-sizing: border-box; margin: 3px 0px 0px; padding: 0px; border: 0px; font-style: inherit; font-variant: inherit; font-weight: inherit; font-stretch: inherit; font-size: 12px; line-height: inherit; font-family: inherit; vertical-align: baseline; color: #a0a0a0;\">Xu hướng m&agrave;u t&oacute;c nhuộm đẹp 2020 cho nam giới chuẩn hot trend</figcaption>\r\n</figure>\r\n<p style=\"box-sizing: border-box; margin: 0px 0px 1.25em; padding: 0px; border: 0px; font-variant-numeric: inherit; font-variant-east-asian: inherit; font-stretch: inherit; font-size: 16px; line-height: inherit; font-family: Roboto, Helvetica, Arial, sans-serif; vertical-align: baseline; text-rendering: optimizelegibility; color: #333333; background-color: #ffffff;\">Hi vọng những m&agrave;u&nbsp;<a style=\"box-sizing: border-box; margin: 0px; padding: 0px; border: 0px; font: inherit; vertical-align: baseline; color: #333333; text-decoration-line: none;\" title=\"t&oacute;c nam\" href=\"https://menback.com/chu-de/toc-nam\" data-seo-automated-link-building=\"4\">t&oacute;c nam</a>&nbsp;đẹp xu hướng hot trend năm 2020 Menback giới thiệu sẽ gi&uacute;p bạn c&oacute; những lựa chọn hợp l&yacute; v&agrave; ph&ugrave; hợp với phong c&aacute;ch của m&igrave;nh.</p>', '5f252b1779acep1.png', 2, 7, '2020-08-01 08:43:03');
INSERT INTO `news` (`id`, `title`, `content`, `images`, `id_user`, `views`, `created_at`) VALUES
(3, 'Bí quyết chăm sóc tóc đẹp cho nam giới', '<p><span style=\"color: #333333; font-family: Roboto, Helvetica, Arial, sans-serif; font-size: 16px; background-color: #ffffff;\">Dưới đ&acirc;y l&agrave; một số mẹo chăm s&oacute;c t&oacute;c cho nam giới theo chất t&oacute;c, kiểu t&oacute;c&hellip; gi&uacute;p c&aacute;c bạn nam sở hữu m&aacute;i t&oacute;c chắc khỏe, &oacute;ng mượt v&agrave; giữ kiểu.</span></p>\r\n<h2 style=\"box-sizing: border-box; margin: 0.83em 0px 0.5em; padding: 0px; border: 0px; font-variant-numeric: inherit; font-variant-east-asian: inherit; font-weight: 500; font-stretch: inherit; font-size: 20px; line-height: 1.35; font-family: Roboto, Helvetica, Arial, sans-serif; vertical-align: baseline; color: #212121; text-rendering: optimizelegibility; background-color: #ffffff;\"><span style=\"box-sizing: border-box; margin: 0px; padding: 0px; border: 0px; font-style: inherit; font-variant: inherit; font-weight: bold; font-stretch: inherit; font-size: inherit; line-height: inherit; font-family: inherit; vertical-align: baseline;\">C&aacute;c lưu &yacute; khi chăm s&oacute;c t&oacute;c nam</span></h2>\r\n<p style=\"box-sizing: border-box; margin: 0px 0px 1.25em; padding: 0px; border: 0px; font-variant-numeric: inherit; font-variant-east-asian: inherit; font-stretch: inherit; font-size: 16px; line-height: inherit; font-family: Roboto, Helvetica, Arial, sans-serif; vertical-align: baseline; text-rendering: optimizelegibility; color: #333333; background-color: #ffffff;\"><span style=\"box-sizing: border-box; margin: 0px; padding: 0px; border: 0px; font-style: inherit; font-variant: inherit; font-weight: bold; font-stretch: inherit; font-size: inherit; line-height: inherit; font-family: inherit; vertical-align: baseline;\">Lau kh&ocirc; t&oacute;c cẩn thận</span></p>\r\n<p style=\"box-sizing: border-box; margin: 0px 0px 1.25em; padding: 0px; border: 0px; font-variant-numeric: inherit; font-variant-east-asian: inherit; font-stretch: inherit; font-size: 16px; line-height: inherit; font-family: Roboto, Helvetica, Arial, sans-serif; vertical-align: baseline; text-rendering: optimizelegibility; color: #333333; background-color: #ffffff;\"><span style=\"box-sizing: border-box; margin: 0px; padding: 0px; border: 0px; font-style: inherit; font-variant: inherit; font-stretch: inherit; font-size: inherit; line-height: inherit; font-family: inherit; vertical-align: baseline;\">Việc bạn lau kh&ocirc; t&oacute;c bằng khăn tắm cũng l&agrave; một trong những nguy&ecirc;n nh&acirc;n h&agrave;ng đầu để l&agrave;m cho t&oacute;c hư tổn ở nam giới. V&igrave; khi ướt t&oacute;c rất dễ bị hư tổn, khi ch&agrave; x&aacute;t t&oacute;c bằng khăn tắm, sẽ vướng v&agrave;o sợi của khăn v&agrave; bị k&eacute;o d&atilde;n ra, t&aacute;c động g&acirc;y thương tổn lớp biểu b&igrave; v&igrave; thế m&agrave; l&agrave;m t&oacute;c chẻ ngọn.</span></p>\r\n<p style=\"box-sizing: border-box; margin: 0px 0px 1.25em; padding: 0px; border: 0px; font-variant-numeric: inherit; font-variant-east-asian: inherit; font-stretch: inherit; font-size: 16px; line-height: inherit; font-family: Roboto, Helvetica, Arial, sans-serif; vertical-align: baseline; text-rendering: optimizelegibility; color: #333333; background-color: #ffffff;\"><span style=\"box-sizing: border-box; margin: 0px; padding: 0px; border: 0px; font-style: inherit; font-variant: inherit; font-stretch: inherit; font-size: inherit; line-height: inherit; font-family: inherit; vertical-align: baseline;\">C&aacute;ch chăm s&oacute;c&nbsp;<a style=\"box-sizing: border-box; margin: 0px; padding: 0px; border: 0px; font: inherit; vertical-align: baseline; color: #333333; text-decoration-line: none;\" title=\"t&oacute;c nam\" href=\"https://menback.com/chu-de/toc-nam\" data-seo-automated-link-building=\"4\">t&oacute;c nam</a>&nbsp;tốt nhất l&agrave; bạn h&atilde;y lắc cho t&oacute;c bớt nước v&agrave; d&ugrave;ng khăn tắm vuốt t&oacute;c theo chiều t&oacute;c mọc.</span></p>\r\n<p style=\"box-sizing: border-box; margin: 0px 0px 1.25em; padding: 0px; border: 0px; font-variant-numeric: inherit; font-variant-east-asian: inherit; font-stretch: inherit; font-size: 16px; line-height: inherit; font-family: Roboto, Helvetica, Arial, sans-serif; vertical-align: baseline; text-rendering: optimizelegibility; color: #333333; background-color: #ffffff;\"><img class=\"aligncenter wp-image-6075 size-full\" style=\"box-sizing: border-box; margin: 5px auto 1.25em; padding: 0px; border: 0px; font: inherit; vertical-align: middle; max-width: 100%; height: auto; text-align: center; display: block;\" src=\"https://menback.com/wp-content/uploads/2020/01/mach-cac-ban-nam-meo-cham-soc-toc-dep-lau-kho-toc-can-than.jpg\" sizes=\"(max-width: 500px) 100vw, 500px\" srcset=\"https://menback.com/wp-content/uploads/2020/01/mach-cac-ban-nam-meo-cham-soc-toc-dep-lau-kho-toc-can-than.jpg 500w, https://menback.com/wp-content/uploads/2020/01/mach-cac-ban-nam-meo-cham-soc-toc-dep-lau-kho-toc-can-than-400x266.jpg 400w\" alt=\"\" width=\"500\" height=\"333\" data-pin-no-hover=\"true\" /></p>\r\n<p style=\"box-sizing: border-box; margin: 0px 0px 1.25em; padding: 0px; border: 0px; font-variant-numeric: inherit; font-variant-east-asian: inherit; font-stretch: inherit; font-size: 16px; line-height: inherit; font-family: Roboto, Helvetica, Arial, sans-serif; vertical-align: baseline; text-rendering: optimizelegibility; color: #333333; background-color: #ffffff; text-align: center;\"><em style=\"box-sizing: border-box; margin: 0px; padding: 0px; border: 0px; font-variant: inherit; font-weight: inherit; font-stretch: inherit; font-size: inherit; line-height: inherit; font-family: inherit; vertical-align: baseline;\">Việc bạn lau kh&ocirc; t&oacute;c bằng khăn tắm cũng l&agrave; một trong những nguy&ecirc;n nh&acirc;n h&agrave;ng đầu để l&agrave;m cho t&oacute;c hư tổn ở nam giới.</em></p>\r\n<h3 style=\"box-sizing: border-box; margin: 1em 0px 0.5em; padding: 0px; border: 0px; font-variant-numeric: inherit; font-variant-east-asian: inherit; font-weight: 500; font-stretch: inherit; font-size: 16px; line-height: 1.4; font-family: Roboto, Helvetica, Arial, sans-serif; vertical-align: baseline; color: #212121; text-rendering: optimizelegibility; background-color: #ffffff;\"><span style=\"box-sizing: border-box; margin: 0px; padding: 0px; border: 0px; font-style: inherit; font-variant: inherit; font-weight: bold; font-stretch: inherit; font-size: inherit; line-height: inherit; font-family: inherit; vertical-align: baseline;\">Lưu &yacute; khi chải t&oacute;c</span></h3>\r\n<p style=\"box-sizing: border-box; margin: 0px 0px 1.25em; padding: 0px; border: 0px; font-variant-numeric: inherit; font-variant-east-asian: inherit; font-stretch: inherit; font-size: 16px; line-height: inherit; font-family: Roboto, Helvetica, Arial, sans-serif; vertical-align: baseline; text-rendering: optimizelegibility; color: #333333; background-color: #ffffff;\"><span style=\"box-sizing: border-box; margin: 0px; padding: 0px; border: 0px; font-style: inherit; font-variant: inherit; font-stretch: inherit; font-size: inherit; line-height: inherit; font-family: inherit; vertical-align: baseline;\">Khi t&oacute;c c&ograve;n ướt, bạn h&atilde;y sử dụng chiếc lược răng thưa để hạn chế hư tổn, đ&acirc;y l&agrave; c&aacute;ch l&agrave;m đẹp c&aacute;c bạn nam n&ecirc;n nhớ, v&igrave; chải t&oacute;c ướt bằng lược răng d&agrave;y sẽ khiến m&aacute;i t&oacute;c dễ hư tổn.</span></p>\r\n<h3 style=\"box-sizing: border-box; margin: 1em 0px 0.5em; padding: 0px; border: 0px; font-variant-numeric: inherit; font-variant-east-asian: inherit; font-weight: 500; font-stretch: inherit; font-size: 16px; line-height: 1.4; font-family: Roboto, Helvetica, Arial, sans-serif; vertical-align: baseline; color: #212121; text-rendering: optimizelegibility; background-color: #ffffff;\"><span style=\"box-sizing: border-box; margin: 0px; padding: 0px; border: 0px; font-style: inherit; font-variant: inherit; font-weight: bold; font-stretch: inherit; font-size: inherit; line-height: inherit; font-family: inherit; vertical-align: baseline;\">Lưu &yacute; khi sấy t&oacute;c</span></h3>\r\n<p style=\"box-sizing: border-box; margin: 0px 0px 1.25em; padding: 0px; border: 0px; font-variant-numeric: inherit; font-variant-east-asian: inherit; font-stretch: inherit; font-size: 16px; line-height: inherit; font-family: Roboto, Helvetica, Arial, sans-serif; vertical-align: baseline; text-rendering: optimizelegibility; color: #333333; background-color: #ffffff;\"><span style=\"box-sizing: border-box; margin: 0px; padding: 0px; border: 0px; font-style: inherit; font-variant: inherit; font-stretch: inherit; font-size: inherit; line-height: inherit; font-family: inherit; vertical-align: baseline;\">Nếu bạn buộc phải sấy t&oacute;c, n&ecirc;n xịt một lớp dưỡng t&oacute;c sấy ở khoảng c&aacute;ch từ 15 &ndash; 25 cm v&agrave; di chuyển một c&aacute;ch nhanh ch&oacute;ng. C&aacute;ch chăm s&oacute;c t&oacute;c n&agrave;y sẽ gi&uacute;p m&aacute;i t&oacute;c khi sấy sẽ kh&ocirc;ng bị tổn thương, kh&ocirc; chẻ ngọn.</span></p>\r\n<p style=\"box-sizing: border-box; margin: 0px 0px 1.25em; padding: 0px; border: 0px; font-variant-numeric: inherit; font-variant-east-asian: inherit; font-stretch: inherit; font-size: 16px; line-height: inherit; font-family: Roboto, Helvetica, Arial, sans-serif; vertical-align: baseline; text-rendering: optimizelegibility; color: #333333; background-color: #ffffff;\"><img class=\"wp-image-6076 size-full aligncenter\" style=\"box-sizing: border-box; margin: 5px auto 1.25em; padding: 0px; border: 0px; font: inherit; vertical-align: middle; max-width: 100%; height: auto; text-align: center; display: block;\" src=\"https://menback.com/wp-content/uploads/2020/01/mach-cac-ban-nam-meo-cham-soc-toc-dep-say-toc.jpg\" sizes=\"(max-width: 700px) 100vw, 700px\" srcset=\"https://menback.com/wp-content/uploads/2020/01/mach-cac-ban-nam-meo-cham-soc-toc-dep-say-toc.jpg 700w, https://menback.com/wp-content/uploads/2020/01/mach-cac-ban-nam-meo-cham-soc-toc-dep-say-toc-400x254.jpg 400w\" alt=\"\" width=\"700\" height=\"445\" data-pin-no-hover=\"true\" /></p>\r\n<p style=\"box-sizing: border-box; margin: 0px 0px 1.25em; padding: 0px; border: 0px; font-variant-numeric: inherit; font-variant-east-asian: inherit; font-stretch: inherit; font-size: 16px; line-height: inherit; font-family: Roboto, Helvetica, Arial, sans-serif; vertical-align: baseline; text-rendering: optimizelegibility; color: #333333; background-color: #ffffff; text-align: center;\"><em style=\"box-sizing: border-box; margin: 0px; padding: 0px; border: 0px; font-variant: inherit; font-weight: inherit; font-stretch: inherit; font-size: inherit; line-height: inherit; font-family: inherit; vertical-align: baseline;\">H&atilde;y xịt một lớp dưỡng t&oacute;c trước khi sấy t&oacute;c</em></p>\r\n<h3 style=\"box-sizing: border-box; margin: 1em 0px 0.5em; padding: 0px; border: 0px; font-variant-numeric: inherit; font-variant-east-asian: inherit; font-weight: 500; font-stretch: inherit; font-size: 16px; line-height: 1.4; font-family: Roboto, Helvetica, Arial, sans-serif; vertical-align: baseline; color: #212121; text-rendering: optimizelegibility; background-color: #ffffff;\"><span style=\"box-sizing: border-box; margin: 0px; padding: 0px; border: 0px; font-style: inherit; font-variant: inherit; font-weight: bold; font-stretch: inherit; font-size: inherit; line-height: inherit; font-family: inherit; vertical-align: baseline;\">Tr&aacute;nh lạm dụng h&oacute;a chất</span></h3>\r\n<p style=\"box-sizing: border-box; margin: 0px 0px 1.25em; padding: 0px; border: 0px; font-variant-numeric: inherit; font-variant-east-asian: inherit; font-stretch: inherit; font-size: 16px; line-height: inherit; font-family: Roboto, Helvetica, Arial, sans-serif; vertical-align: baseline; text-rendering: optimizelegibility; color: #333333; background-color: #ffffff;\"><span style=\"box-sizing: border-box; margin: 0px; padding: 0px; border: 0px; font-style: inherit; font-variant: inherit; font-stretch: inherit; font-size: inherit; line-height: inherit; font-family: inherit; vertical-align: baseline;\">L&uacute;c bạn l&agrave;m đẹp như tạo kiểu t&oacute;c hay uốn nhuộm thường xuy&ecirc;n c&oacute; thể ph&aacute; hủy t&oacute;c l&agrave;m t&oacute;c của bạn bị hư tổn nặng hơn. C&aacute;c h&oacute;a chất kh&ocirc;ng tốt cho t&oacute;c v&agrave; da đầu v&igrave; vậy bạn h&atilde;y tr&aacute;nh lạm dụng h&oacute;a chất, c&oacute; thể tạo kiểu t&oacute;c đẹp nhưng kh&ocirc;ng qu&aacute; nhiều.</span></p>\r\n<h3 style=\"box-sizing: border-box; margin: 1em 0px 0.5em; padding: 0px; border: 0px; font-variant-numeric: inherit; font-variant-east-asian: inherit; font-weight: 500; font-stretch: inherit; font-size: 16px; line-height: 1.4; font-family: Roboto, Helvetica, Arial, sans-serif; vertical-align: baseline; color: #212121; text-rendering: optimizelegibility; background-color: #ffffff;\"><span style=\"box-sizing: border-box; margin: 0px; padding: 0px; border: 0px; font-style: inherit; font-variant: inherit; font-weight: bold; font-stretch: inherit; font-size: inherit; line-height: inherit; font-family: inherit; vertical-align: baseline;\">L&agrave;m cho t&oacute;c mọc nhanh hơn v&agrave; khỏe hơn</span></h3>\r\n<p style=\"box-sizing: border-box; margin: 0px 0px 1.25em; padding: 0px; border: 0px; font-variant-numeric: inherit; font-variant-east-asian: inherit; font-stretch: inherit; font-size: 16px; line-height: inherit; font-family: Roboto, Helvetica, Arial, sans-serif; vertical-align: baseline; text-rendering: optimizelegibility; color: #333333; background-color: #ffffff;\"><span style=\"box-sizing: border-box; margin: 0px; padding: 0px; border: 0px; font-style: inherit; font-variant: inherit; font-stretch: inherit; font-size: inherit; line-height: inherit; font-family: inherit; vertical-align: baseline;\">Để m&aacute;i t&oacute;c mọc nhanh v&agrave; khỏe, anh em nam giới n&ecirc;n ăn uống hợp l&yacute;, vitamin, uống nhiều nước, ngủ đủ giấc, v&agrave; sống l&agrave;nh mạnh.</span></p>\r\n<h3 style=\"box-sizing: border-box; margin: 1em 0px 0.5em; padding: 0px; border: 0px; font-variant-numeric: inherit; font-variant-east-asian: inherit; font-weight: 500; font-stretch: inherit; font-size: 16px; line-height: 1.4; font-family: Roboto, Helvetica, Arial, sans-serif; vertical-align: baseline; color: #212121; text-rendering: optimizelegibility; background-color: #ffffff;\"><span style=\"box-sizing: border-box; margin: 0px; padding: 0px; border: 0px; font-style: inherit; font-variant: inherit; font-weight: bold; font-stretch: inherit; font-size: inherit; line-height: inherit; font-family: inherit; vertical-align: baseline;\">Kiểm so&aacute;t m&aacute;i t&oacute;c rối</span></h3>\r\n<p style=\"box-sizing: border-box; margin: 0px 0px 1.25em; padding: 0px; border: 0px; font-variant-numeric: inherit; font-variant-east-asian: inherit; font-stretch: inherit; font-size: 16px; line-height: inherit; font-family: Roboto, Helvetica, Arial, sans-serif; vertical-align: baseline; text-rendering: optimizelegibility; color: #333333; background-color: #ffffff;\"><span style=\"box-sizing: border-box; margin: 0px; padding: 0px; border: 0px; font-style: inherit; font-variant: inherit; font-stretch: inherit; font-size: inherit; line-height: inherit; font-family: inherit; vertical-align: baseline;\">Chăm s&oacute;c t&oacute;c cho nam giới với m&aacute;i t&oacute;c quăn v&agrave; rối l&agrave; do lượng protein v&agrave; độ ẩm thấp. H&atilde;y sử dụng loại dầu xả dưỡng ẩm tốt như vậy sẽ gi&uacute;p cho m&aacute;i t&oacute;c đẹp v&agrave; chắc khỏe hơn. C&aacute;c bạn cũng c&oacute; thể sử dụng tinh dầu serum để l&agrave;m cho t&oacute;c &oacute;ng mượt v&agrave; dễ d&agrave;ng chăm s&oacute;c hơn.</span></p>\r\n<p style=\"box-sizing: border-box; margin: 0px 0px 1.25em; padding: 0px; border: 0px; font-variant-numeric: inherit; font-variant-east-asian: inherit; font-stretch: inherit; font-size: 16px; line-height: inherit; font-family: Roboto, Helvetica, Arial, sans-serif; vertical-align: baseline; text-rendering: optimizelegibility; color: #333333; background-color: #ffffff;\"><img class=\"wp-image-6074 size-full aligncenter\" style=\"box-sizing: border-box; margin: 5px auto 1.25em; padding: 0px; border: 0px; font: inherit; vertical-align: middle; max-width: 100%; height: auto; text-align: center; display: block;\" src=\"https://menback.com/wp-content/uploads/2020/01/mach-cac-ban-nam-meo-cham-soc-toc-dep-kiem-soat-toc-roi.jpg\" sizes=\"(max-width: 452px) 100vw, 452px\" srcset=\"https://menback.com/wp-content/uploads/2020/01/mach-cac-ban-nam-meo-cham-soc-toc-dep-kiem-soat-toc-roi.jpg 452w, https://menback.com/wp-content/uploads/2020/01/mach-cac-ban-nam-meo-cham-soc-toc-dep-kiem-soat-toc-roi-283x400.jpg 283w, https://menback.com/wp-content/uploads/2020/01/mach-cac-ban-nam-meo-cham-soc-toc-dep-kiem-soat-toc-roi-357x506.jpg 357w\" alt=\"\" width=\"452\" height=\"640\" data-pin-no-hover=\"true\" /></p>\r\n<p style=\"box-sizing: border-box; margin: 0px 0px 1.25em; padding: 0px; border: 0px; font-variant-numeric: inherit; font-variant-east-asian: inherit; font-stretch: inherit; font-size: 16px; line-height: inherit; font-family: Roboto, Helvetica, Arial, sans-serif; vertical-align: baseline; text-rendering: optimizelegibility; color: #333333; background-color: #ffffff; text-align: center;\"><em style=\"box-sizing: border-box; margin: 0px; padding: 0px; border: 0px; font-variant: inherit; font-weight: inherit; font-stretch: inherit; font-size: inherit; line-height: inherit; font-family: inherit; vertical-align: baseline;\">H&atilde;y sử dụng loại dầu xả dưỡng ẩm tốt như vậy sẽ gi&uacute;p cho m&aacute;i t&oacute;c đẹp v&agrave; chắc khỏe hơn</em></p>\r\n<h3 style=\"box-sizing: border-box; margin: 1em 0px 0.5em; padding: 0px; border: 0px; font-variant-numeric: inherit; font-variant-east-asian: inherit; font-weight: 500; font-stretch: inherit; font-size: 16px; line-height: 1.4; font-family: Roboto, Helvetica, Arial, sans-serif; vertical-align: baseline; color: #212121; text-rendering: optimizelegibility; background-color: #ffffff;\"><span style=\"box-sizing: border-box; margin: 0px; padding: 0px; border: 0px; font-style: inherit; font-variant: inherit; font-weight: bold; font-stretch: inherit; font-size: inherit; line-height: inherit; font-family: inherit; vertical-align: baseline;\">Chăm s&oacute;c t&oacute;c thẳng</span></h3>\r\n<p style=\"box-sizing: border-box; margin: 0px 0px 1.25em; padding: 0px; border: 0px; font-variant-numeric: inherit; font-variant-east-asian: inherit; font-stretch: inherit; font-size: 16px; line-height: inherit; font-family: Roboto, Helvetica, Arial, sans-serif; vertical-align: baseline; text-rendering: optimizelegibility; color: #333333; background-color: #ffffff;\"><span style=\"box-sizing: border-box; margin: 0px; padding: 0px; border: 0px; font-style: inherit; font-variant: inherit; font-stretch: inherit; font-size: inherit; line-height: inherit; font-family: inherit; vertical-align: baseline;\">Gội đầu mỗi ng&agrave;y c&ugrave;ng với việc sử dụng một ch&uacute;t dầu xả l&agrave; c&aacute;ch chăm s&oacute;c t&oacute;c thẳng hiệu quả. Nếu bạn để t&oacute;c d&agrave;i, h&atilde;y tỉa t&oacute;c 6 tuần một lần để loại bỏ phần t&oacute;c chẻ ngọn. Bạn cũng c&oacute; thể sử dụng s&aacute;p để tạo kiểu t&oacute;c đẹp v&agrave; l&agrave;m cho t&oacute;c tr&ocirc;ng tự nhi&ecirc;n v&agrave; b&oacute;ng mượt hơn.</span></p>\r\n<h3 style=\"box-sizing: border-box; margin: 1em 0px 0.5em; padding: 0px; border: 0px; font-variant-numeric: inherit; font-variant-east-asian: inherit; font-weight: 500; font-stretch: inherit; font-size: 16px; line-height: 1.4; font-family: Roboto, Helvetica, Arial, sans-serif; vertical-align: baseline; color: #212121; text-rendering: optimizelegibility; background-color: #ffffff;\"><span style=\"box-sizing: border-box; margin: 0px; padding: 0px; border: 0px; font-style: inherit; font-variant: inherit; font-weight: bold; font-stretch: inherit; font-size: inherit; line-height: inherit; font-family: inherit; vertical-align: baseline;\">Chăm s&oacute;c t&oacute;c thưa</span></h3>\r\n<p style=\"box-sizing: border-box; margin: 0px 0px 1.25em; padding: 0px; border: 0px; font-variant-numeric: inherit; font-variant-east-asian: inherit; font-stretch: inherit; font-size: 16px; line-height: inherit; font-family: Roboto, Helvetica, Arial, sans-serif; vertical-align: baseline; text-rendering: optimizelegibility; color: #333333; background-color: #ffffff;\"><span style=\"box-sizing: border-box; margin: 0px; padding: 0px; border: 0px; font-style: inherit; font-variant: inherit; font-stretch: inherit; font-size: inherit; line-height: inherit; font-family: inherit; vertical-align: baseline;\">Để bạn chăm s&oacute;c m&aacute;i t&oacute;c thưa th&igrave; cần sử dụng sản phẩm c&oacute; th&agrave;nh phần ch&iacute;nh l&agrave; nước, v&igrave; điều n&agrave;y sẽ gi&uacute;p kh&ocirc;ng lưu lại qu&aacute; nhiều chất tr&ecirc;n t&oacute;c đồng thời l&agrave;m t&oacute;c d&agrave;y hơn v&agrave; tạo độ bồng bềnh cho m&aacute;i t&oacute;c.</span></p>', '5f252b7f292f2p1.png', 2, 6, '2020-08-01 08:44:47');
INSERT INTO `news` (`id`, `title`, `content`, `images`, `id_user`, `views`, `created_at`) VALUES
(4, 'Cách xác định và chọn kiểu tóc phù hợp khuôn mặt nam giới', '<p style=\"text-align: left;\"><span style=\"color: #333333; font-family: Roboto, Helvetica, Arial, sans-serif; font-size: 16px; background-color: #ffffff;\">Giống như quần &aacute;o, kh&ocirc;ng c&oacute; một kiểu t&oacute;c n&agrave;o ph&ugrave; hợp với tất cả khu&ocirc;n mặt nam giới. Nhưng thay v&igrave; c&oacute; thể thay một bộ kh&aacute;c v&agrave;o cuối ng&agrave;y, th&igrave; nhiều khả năng bạn phải mất kh&aacute; nhiều thời gian cho t&oacute;c mọc đủ d&agrave;i để bạn c&oacute; thể để kiểu kh&aacute;c. Đ&oacute; l&agrave; l&yacute; do v&igrave; sao trước khi giao ph&oacute; m&aacute;i t&oacute;c của bạn cho thợ cắt t&oacute;c, th&igrave; ph&aacute;i mạnh phải hiểu r&otilde; khu&ocirc;n mặt của m&igrave;nh, v&agrave; những kiểu t&oacute;c n&agrave;o sẽ ph&ugrave; hợp với đặc điểm khu&ocirc;n mặt của nam giới. Bạn cần hiểu r&otilde; rằng, m&aacute;i t&oacute;c chỉ d&agrave;i hoặc ngắn hơn 1cm th&ocirc;i, cũng c&oacute; thể biến bạn th&agrave;nh một người&nbsp;</span><a style=\"box-sizing: border-box; margin: 0px; padding: 0px; border: 0px; font-variant-numeric: inherit; font-variant-east-asian: inherit; font-stretch: inherit; font-size: 16px; line-height: inherit; font-family: Roboto, Helvetica, Arial, sans-serif; vertical-align: baseline; color: #333333; text-decoration-line: none; background-color: #ffffff;\" title=\"Đ&agrave;n &ocirc;ng\" href=\"https://menback.com/chu-de/dan-ong\" data-seo-automated-link-building=\"8\">đ&agrave;n &ocirc;ng</a><span style=\"color: #333333; font-family: Roboto, Helvetica, Arial, sans-serif; font-size: 16px; background-color: #ffffff;\">&nbsp;c&oacute; diện mạo kh&aacute;c biệt.</span></p>\r\n<div class=\"jeg_main_content col-md-8\" style=\"box-sizing: border-box; margin: 0px; padding-top: 0px; padding-right: 15px; padding-bottom: 0px; border: 0px; font-variant-numeric: inherit; font-variant-east-asian: inherit; font-stretch: inherit; font-size: 14px; line-height: inherit; font-family: Roboto, Helvetica, Arial, sans-serif; vertical-align: baseline; position: relative; float: left; width: 780px; color: #53585c; background-color: #ffffff; transform: none; min-height: 0px !important; height: auto !important;\">\r\n<div class=\"jeg_inner_content\" style=\"box-sizing: border-box; margin: 0px; padding-top: 0px; padding-right: 0px; padding-bottom: 0px; border: 0px; font: inherit; vertical-align: baseline; transform: none; height: auto !important;\">\r\n<div class=\"entry-content no-share\" style=\"box-sizing: border-box; margin: 0px 0px 30px; padding-top: 0px; padding-right: 0px; padding-bottom: 0px; border: 0px; font: inherit; vertical-align: baseline; position: relative; transform: none; height: auto !important;\">\r\n<div class=\"content-inner \" style=\"box-sizing: border-box; margin: 0px; padding-top: 0px; padding-right: 0px; padding-bottom: 0px; border: 0px; font-style: inherit; font-variant: inherit; font-weight: inherit; font-stretch: inherit; font-size: 16px; line-height: 1.625em; font-family: inherit; vertical-align: baseline; color: #333333; word-break: normal; overflow-wrap: break-word; height: auto !important;\">\r\n<h2 style=\"box-sizing: border-box; margin: 0.83em 0px 0.5em; padding-top: 0px; padding-right: 0px; padding-bottom: 0px; border: 0px; font-style: inherit; font-variant: inherit; font-weight: 500; font-stretch: inherit; font-size: 20px; line-height: 1.35; font-family: inherit; vertical-align: baseline; color: #212121; text-rendering: optimizelegibility; text-align: left;\"><span style=\"box-sizing: border-box; margin: 0px; padding: 0px; border: 0px; font-style: inherit; font-variant: inherit; font-weight: bold; font-stretch: inherit; font-size: inherit; line-height: inherit; font-family: inherit; vertical-align: baseline;\">C&aacute;ch x&aacute;c định h&igrave;nh dạng khu&ocirc;n mặt nam giới</span></h2>\r\n<p style=\"box-sizing: border-box; margin: 0px 0px 1.25em; padding-top: 0px; padding-right: 0px; padding-bottom: 0px; border: 0px; font-style: inherit; font-variant: inherit; font-weight: inherit; font-stretch: inherit; font-size: inherit; line-height: inherit; vertical-align: baseline; text-rendering: optimizelegibility; text-align: left;\">Nhưng l&agrave;m thế n&agrave;o nam giới thực sự c&oacute; thể x&aacute;c định h&igrave;nh dạng khu&ocirc;n mặt của m&igrave;nh l&agrave; g&igrave;? N&oacute; rất đơn giản. Đầu ti&ecirc;n, h&atilde;y tự trang bị cho m&igrave;nh một thước d&acirc;y linh hoạt. Sau đ&oacute;, thực hiện c&aacute;c ph&eacute;p đo sau đ&acirc;y, v&agrave; nhớ ghi lại kết quả nh&eacute;.</p>\r\n<ol style=\"box-sizing: border-box; margin: 0px; padding: 0px 0px 0px 2.14286em; border: 0px; font: inherit; vertical-align: baseline; list-style-position: initial; list-style-image: initial; text-align: left;\">\r\n<li style=\"box-sizing: border-box; margin: 0px 0px 0.5em; padding: 0px; border: 0px; font: inherit; vertical-align: baseline;\"><span style=\"box-sizing: border-box; margin: 0px; padding: 0px; border: 0px; font-style: inherit; font-variant: inherit; font-weight: bold; font-stretch: inherit; font-size: inherit; line-height: inherit; font-family: inherit; vertical-align: baseline;\">Tr&aacute;n:</span>&nbsp;Đo ngang khu&ocirc;n mặt của bạn từ đỉnh của một v&ograve;m l&ocirc;ng m&agrave;y đến đỉnh của v&ograve;m đối diện.</li>\r\n<li style=\"box-sizing: border-box; margin: 0px 0px 0.5em; padding: 0px; border: 0px; font: inherit; vertical-align: baseline;\"><span style=\"box-sizing: border-box; margin: 0px; padding: 0px; border: 0px; font-style: inherit; font-variant: inherit; font-weight: bold; font-stretch: inherit; font-size: inherit; line-height: inherit; font-family: inherit; vertical-align: baseline;\">Xương g&ograve; m&aacute;:</span>&nbsp;Đo ngang xương g&ograve; m&aacute; của bạn, bắt đầu v&agrave; kết th&uacute;c ở phần nhọn nhất b&ecirc;n dưới g&oacute;c ngo&agrave;i của mỗi mắt.</li>\r\n<li style=\"box-sizing: border-box; margin: 0px 0px 0.5em; padding: 0px; border: 0px; font: inherit; vertical-align: baseline;\"><span style=\"box-sizing: border-box; margin: 0px; padding: 0px; border: 0px; font-style: inherit; font-variant: inherit; font-weight: bold; font-stretch: inherit; font-size: inherit; line-height: inherit; font-family: inherit; vertical-align: baseline;\">H&agrave;m dưới:</span>&nbsp;Đo từ đỉnh cằm đến dưới tai của bạn tại điểm m&agrave; h&agrave;m của bạn hướng l&ecirc;n tr&ecirc;n. Nh&acirc;n số đ&oacute; với hai để c&oacute; được số đo h&agrave;m của bạn.</li>\r\n<li style=\"box-sizing: border-box; margin: 0px 0px 0.5em; padding: 0px; border: 0px; font: inherit; vertical-align: baseline;\"><span style=\"box-sizing: border-box; margin: 0px; padding: 0px; border: 0px; font-style: inherit; font-variant: inherit; font-weight: bold; font-stretch: inherit; font-size: inherit; line-height: inherit; font-family: inherit; vertical-align: baseline;\">Chiều d&agrave;i khu&ocirc;n mặt:</span>&nbsp;Đo từ giữa ch&acirc;n t&oacute;c đến đỉnh cằm.</li>\r\n</ol>\r\n<p style=\"box-sizing: border-box; margin: 0px 0px 1.25em; padding-top: 0px; padding-right: 0px; padding-bottom: 0px; border: 0px; font-style: inherit; font-variant: inherit; font-weight: inherit; font-stretch: inherit; font-size: inherit; line-height: inherit; vertical-align: baseline; text-rendering: optimizelegibility; text-align: left;\">Khi bạn đ&atilde; thực hiện c&aacute;c ph&eacute;p đo n&agrave;y, h&atilde;y lưu &yacute; số đo lớn nhất trong bốn số đ&oacute;, v&agrave; sau đ&oacute; so s&aacute;nh n&oacute; với bảy cấu h&igrave;nh ch&iacute;nh dưới đ&acirc;y để t&igrave;m ra h&igrave;nh d&aacute;ng khu&ocirc;n mặt của bạn.</p>\r\n<figure id=\"attachment_8549\" class=\"wp-caption aligncenter\" style=\"box-sizing: border-box; margin-top: 5px; margin-bottom: 1.25em; padding-top: 0px; padding-right: 0px; padding-bottom: 0px; border: 0px; font: inherit; vertical-align: baseline; display: block; max-width: 100%; width: 900px; text-align: left;\" aria-describedby=\"caption-attachment-8549\"><img class=\"wp-image-8549 size-large\" style=\"box-sizing: border-box; margin: 0px; padding: 0px; border: 0px none; font: inherit; vertical-align: middle; max-width: 100%; height: auto; width: auto;\" title=\"C&aacute;ch x&aacute;c định h&igrave;nh dạng khu&ocirc;n mặt nam giới\" src=\"https://menback.com/wp-content/uploads/2020/05/kieu-toc-nam-phu-hop-khuon-mat-900x405.jpg\" sizes=\"(max-width: 900px) 100vw, 900px\" srcset=\"https://menback.com/wp-content/uploads/2020/05/kieu-toc-nam-phu-hop-khuon-mat-900x405.jpg 900w, https://menback.com/wp-content/uploads/2020/05/kieu-toc-nam-phu-hop-khuon-mat-400x180.jpg 400w, https://menback.com/wp-content/uploads/2020/05/kieu-toc-nam-phu-hop-khuon-mat-768x346.jpg 768w, https://menback.com/wp-content/uploads/2020/05/kieu-toc-nam-phu-hop-khuon-mat-750x338.jpg 750w, https://menback.com/wp-content/uploads/2020/05/kieu-toc-nam-phu-hop-khuon-mat.jpg 1000w\" alt=\"C&aacute;ch x&aacute;c định h&igrave;nh dạng khu&ocirc;n mặt nam giới\" width=\"900\" height=\"405\" data-pin-no-hover=\"true\" />\r\n<figcaption id=\"caption-attachment-8549\" class=\"wp-caption-text\" style=\"box-sizing: border-box; margin: 3px 0px 0px; padding-top: 0px; padding-right: 0px; padding-bottom: 0px; border: 0px; font-style: inherit; font-variant: inherit; font-weight: inherit; font-stretch: inherit; font-size: 12px; line-height: inherit; font-family: inherit; vertical-align: baseline; color: #a0a0a0;\">C&aacute;ch x&aacute;c định h&igrave;nh dạng khu&ocirc;n mặt nam giới.</figcaption>\r\n</figure>\r\n<h2 style=\"box-sizing: border-box; margin: 0.83em 0px 0.5em; padding-top: 0px; padding-right: 0px; padding-bottom: 0px; border: 0px; font-style: inherit; font-variant: inherit; font-weight: 500; font-stretch: inherit; font-size: 20px; line-height: 1.35; font-family: inherit; vertical-align: baseline; color: #212121; text-rendering: optimizelegibility; text-align: left;\"><span style=\"box-sizing: border-box; margin: 0px; padding: 0px; border: 0px; font-style: inherit; font-variant: inherit; font-weight: bold; font-stretch: inherit; font-size: inherit; line-height: inherit; font-family: inherit; vertical-align: baseline;\">C&aacute;c h&igrave;nh dạng khu&ocirc;n mặt nam giới</span></h2>\r\n<ul style=\"box-sizing: border-box; margin: 0px; padding: 0px 0px 0px 2.14286em; border: 0px; font: inherit; vertical-align: baseline; list-style: square; text-align: left;\">\r\n<li style=\"box-sizing: border-box; margin: 0px 0px 0.5em; padding: 0px; border: 0px; font: inherit; vertical-align: baseline;\"><span style=\"box-sizing: border-box; margin: 0px; padding: 0px; border: 0px; font-style: inherit; font-variant: inherit; font-weight: bold; font-stretch: inherit; font-size: inherit; line-height: inherit; font-family: inherit; vertical-align: baseline;\">Khu&ocirc;n mặt tr&aacute;i xoan:</span>&nbsp;Chiều d&agrave;i khu&ocirc;n mặt lớn hơn chiều rộng của xương g&ograve; m&aacute; v&agrave; tr&aacute;n lớn hơn xương h&agrave;m. G&oacute;c của h&agrave;m được l&agrave;m tr&ograve;n chứ kh&ocirc;ng sắc n&eacute;t.</li>\r\n<li style=\"box-sizing: border-box; margin: 0px 0px 0.5em; padding: 0px; border: 0px; font: inherit; vertical-align: baseline;\"><span style=\"box-sizing: border-box; margin: 0px; padding: 0px; border: 0px; font-style: inherit; font-variant: inherit; font-weight: bold; font-stretch: inherit; font-size: inherit; line-height: inherit; font-family: inherit; vertical-align: baseline;\">Khu&ocirc;n mặt h&igrave;nh chữ nhật:</span>&nbsp;Chiều d&agrave;i khu&ocirc;n mặt l&agrave; số đo lớn nhất. Tr&aacute;n, xương g&ograve; m&aacute; v&agrave; xương h&agrave;m c&oacute; k&iacute;ch thước tương tự nhau.</li>\r\n<li style=\"box-sizing: border-box; margin: 0px 0px 0.5em; padding: 0px; border: 0px; font: inherit; vertical-align: baseline;\"><span style=\"box-sizing: border-box; margin: 0px; padding: 0px; border: 0px; font-style: inherit; font-variant: inherit; font-weight: bold; font-stretch: inherit; font-size: inherit; line-height: inherit; font-family: inherit; vertical-align: baseline;\">Khu&ocirc;n mặt h&igrave;nh tam gi&aacute;c:</span>&nbsp;Jawline đo lớn hơn xương g&ograve; m&aacute;, c&oacute; k&iacute;ch thước lớn hơn tr&aacute;n.</li>\r\n<li style=\"box-sizing: border-box; margin: 0px 0px 0.5em; padding: 0px; border: 0px; font: inherit; vertical-align: baseline;\"><span style=\"box-sizing: border-box; margin: 0px; padding: 0px; border: 0px; font-style: inherit; font-variant: inherit; font-weight: bold; font-stretch: inherit; font-size: inherit; line-height: inherit; font-family: inherit; vertical-align: baseline;\">Khu&ocirc;n mặt tr&ograve;n:</span>&nbsp;Xương g&ograve; m&aacute; v&agrave; chiều d&agrave;i khu&ocirc;n mặt c&oacute; số đo tương tự. Ch&uacute;ng lớn hơn tr&aacute;n v&agrave; xương h&agrave;m, cũng c&oacute; số đo tương tự. G&oacute;c của h&agrave;m mềm v&agrave; &iacute;t được x&aacute;c định.</li>\r\n<li style=\"box-sizing: border-box; margin: 0px 0px 0.5em; padding: 0px; border: 0px; font: inherit; vertical-align: baseline;\"><span style=\"box-sizing: border-box; margin: 0px; padding: 0px; border: 0px; font-style: inherit; font-variant: inherit; font-weight: bold; font-stretch: inherit; font-size: inherit; line-height: inherit; font-family: inherit; vertical-align: baseline;\">Khu&ocirc;n mặt h&igrave;nh tr&aacute;i tim:</span>&nbsp;C&aacute;c biện ph&aacute;p tr&aacute;n lớn hơn xương g&ograve; m&aacute; v&agrave; xương h&agrave;m. Cằm nhọn.</li>\r\n<li style=\"box-sizing: border-box; margin: 0px 0px 0.5em; padding: 0px; border: 0px; font: inherit; vertical-align: baseline;\"><span style=\"box-sizing: border-box; margin: 0px; padding: 0px; border: 0px; font-style: inherit; font-variant: inherit; font-weight: bold; font-stretch: inherit; font-size: inherit; line-height: inherit; font-family: inherit; vertical-align: baseline;\">Khu&ocirc;n mặt vu&ocirc;ng:</span>&nbsp;Tất cả c&aacute;c ph&eacute;p đo kh&aacute; giống nhau. G&oacute;c của h&agrave;m sắc n&eacute;t chứ kh&ocirc;ng phải tr&ograve;n.</li>\r\n<li style=\"box-sizing: border-box; margin: 0px 0px 0.5em; padding: 0px; border: 0px; font: inherit; vertical-align: baseline;\"><span style=\"box-sizing: border-box; margin: 0px; padding: 0px; border: 0px; font-style: inherit; font-variant: inherit; font-weight: bold; font-stretch: inherit; font-size: inherit; line-height: inherit; font-family: inherit; vertical-align: baseline;\">Khu&ocirc;n mặt h&igrave;nh kim cương:</span>&nbsp;Đo chiều d&agrave;i mặt lớn nhất. Sau đ&oacute;, theo thứ tự giảm dần: xương g&ograve; m&aacute;, tr&aacute;n v&agrave; nhỏ nhất l&agrave; xương h&agrave;m. Cằm nhọn.</li>\r\n</ul>\r\n<p style=\"box-sizing: border-box; margin: 0px 0px 1.25em; padding-top: 0px; padding-right: 0px; padding-bottom: 0px; border: 0px; font-style: inherit; font-variant: inherit; font-weight: inherit; font-stretch: inherit; font-size: inherit; line-height: inherit; vertical-align: baseline; text-rendering: optimizelegibility; text-align: left;\">L&agrave;m thế n&agrave;o để chọn được kiểu t&oacute;c ph&ugrave; hợp với h&igrave;nh dạng khu&ocirc;n mặt nam giới, ch&uacute;ng ta h&atilde;y c&ugrave;ng t&igrave;m hiểu dưới đ&acirc;y nh&eacute;.</p>\r\n<br />\r\n<figure id=\"attachment_8550\" class=\"wp-caption aligncenter\" style=\"box-sizing: border-box; margin-top: 5px; margin-bottom: 1.25em; padding-top: 0px; padding-right: 0px; padding-bottom: 0px; border: 0px; font: inherit; vertical-align: baseline; display: block; max-width: 100%; width: 900px; text-align: left;\" aria-describedby=\"caption-attachment-8550\"><img class=\"wp-image-8550 size-large\" style=\"box-sizing: border-box; margin: 0px; padding: 0px; border: 0px none; font: inherit; vertical-align: middle; max-width: 100%; height: auto; width: auto;\" title=\"C&aacute;c h&igrave;nh dạng khu&ocirc;n mặt nam giới\" src=\"https://menback.com/wp-content/uploads/2020/05/kieu-toc-phu-hop-hinh-dang-khuon-mat-nam-gioi-900x405.jpg\" sizes=\"(max-width: 900px) 100vw, 900px\" srcset=\"https://menback.com/wp-content/uploads/2020/05/kieu-toc-phu-hop-hinh-dang-khuon-mat-nam-gioi-900x405.jpg 900w, https://menback.com/wp-content/uploads/2020/05/kieu-toc-phu-hop-hinh-dang-khuon-mat-nam-gioi-400x180.jpg 400w, https://menback.com/wp-content/uploads/2020/05/kieu-toc-phu-hop-hinh-dang-khuon-mat-nam-gioi-768x346.jpg 768w, https://menback.com/wp-content/uploads/2020/05/kieu-toc-phu-hop-hinh-dang-khuon-mat-nam-gioi-750x338.jpg 750w, https://menback.com/wp-content/uploads/2020/05/kieu-toc-phu-hop-hinh-dang-khuon-mat-nam-gioi.jpg 1000w\" alt=\"C&aacute;c h&igrave;nh dạng khu&ocirc;n mặt nam giới\" width=\"900\" height=\"405\" data-pin-no-hover=\"true\" />\r\n<figcaption id=\"caption-attachment-8550\" class=\"wp-caption-text\" style=\"box-sizing: border-box; margin: 3px 0px 0px; padding-top: 0px; padding-right: 0px; padding-bottom: 0px; border: 0px; font-style: inherit; font-variant: inherit; font-weight: inherit; font-stretch: inherit; font-size: 12px; line-height: inherit; font-family: inherit; vertical-align: baseline; color: #a0a0a0;\">C&aacute;c h&igrave;nh dạng khu&ocirc;n mặt nam giới bao gồm: mặt tr&aacute;i xoan, mặt tr&ograve;n, mặt vu&ocirc;ng, mặt chữ nhật, mặt tr&aacute;i tim, mặt kim cương, mặt h&igrave;nh tam gi&aacute;c.</figcaption>\r\n</figure>\r\n<h2 style=\"box-sizing: border-box; margin: 0.83em 0px 0.5em; padding-top: 0px; padding-right: 0px; padding-bottom: 0px; border: 0px; font-style: inherit; font-variant: inherit; font-weight: 500; font-stretch: inherit; font-size: 20px; line-height: 1.35; font-family: inherit; vertical-align: baseline; color: #212121; text-rendering: optimizelegibility; text-align: left;\"><span style=\"box-sizing: border-box; margin: 0px; padding: 0px; border: 0px; font-style: inherit; font-variant: inherit; font-weight: bold; font-stretch: inherit; font-size: inherit; line-height: inherit; font-family: inherit; vertical-align: baseline;\">Kiểu t&oacute;c ph&ugrave; hợp khu&ocirc;n mặt tr&aacute;i xoan cho nam</span></h2>\r\n<p style=\"box-sizing: border-box; margin: 0px 0px 1.25em; padding-top: 0px; padding-right: 0px; padding-bottom: 0px; border: 0px; font-style: inherit; font-variant: inherit; font-weight: inherit; font-stretch: inherit; font-size: inherit; line-height: inherit; vertical-align: baseline; text-rendering: optimizelegibility; text-align: left;\">Được xem l&agrave; sự ho&agrave;n hảo cho ph&aacute;i đẹp nhưng với nam giới th&igrave; khu&ocirc;n mặt tr&aacute;i xoan kh&ocirc;ng phải l&agrave; gương mặt thực sự nam t&iacute;nh. Tuy nhi&ecirc;n, đ&acirc;y lại l&agrave; khu&ocirc;n mặt tuyệt vời cho hầu hết c&aacute;c kiểu t&oacute;c.</p>\r\n<p style=\"box-sizing: border-box; margin: 0px 0px 1.25em; padding-top: 0px; padding-right: 0px; padding-bottom: 0px; border: 0px; font-style: inherit; font-variant: inherit; font-weight: inherit; font-stretch: inherit; font-size: inherit; line-height: inherit; vertical-align: baseline; text-rendering: optimizelegibility; text-align: left;\">Khu&ocirc;n mặt tr&aacute;i xoan c&oacute; sự đối xứng v&agrave; c&acirc;n đối, đ&oacute; ch&iacute;nh l&agrave; l&yacute; do bạn sẽ l&agrave; ch&agrave;ng trai may mắn nếu sở hữu khu&ocirc;n mặt n&agrave;y. C&oacute; rất nhiều kiểu t&oacute;c nam đẹp để bạn lựa chọn.</p>\r\n<p style=\"box-sizing: border-box; margin: 0px 0px 1.25em; padding-top: 0px; padding-right: 0px; padding-bottom: 0px; border: 0px; font-style: inherit; font-variant: inherit; font-weight: inherit; font-stretch: inherit; font-size: inherit; line-height: inherit; vertical-align: baseline; text-rendering: optimizelegibility; text-align: left;\">Vẫn c&oacute; một số điều cần lưu &yacute; để bạn c&oacute; kiểu t&oacute;c ph&ugrave; hợp v&agrave; tối ưu nhất cho bản th&acirc;n. &ldquo;B&iacute; quyết của h&igrave;nh dạng khu&ocirc;n mặt tr&aacute;i xoan l&agrave; đừng để t&oacute;c x&otilde;a che hết phần tr&aacute;n của bạn, để c&oacute; thể tạo h&igrave;nh khối v&agrave; g&oacute;c cạnh tr&ecirc;n đỉnh đầu&rdquo; &ndash; Theo chia sẻ của thợ cắt t&oacute;c bậc thầy Aveda Stelios Nicolaou.</p>\r\n<p style=\"box-sizing: border-box; margin: 0px 0px 1.25em; padding-top: 0px; padding-right: 0px; padding-bottom: 0px; border: 0px; font-style: inherit; font-variant: inherit; font-weight: inherit; font-stretch: inherit; font-size: inherit; line-height: inherit; vertical-align: baseline; text-rendering: optimizelegibility; text-align: left;\">C&aacute;c kiểu t&oacute;c ph&ugrave; hợp nhất với nam giới c&oacute; khu&ocirc;n mặt tr&aacute;i xoan đ&oacute; l&agrave; c&oacute; phần g&aacute;y v&agrave; hai b&ecirc;n ngắn kiểu cổ điển, phần t&oacute;c tr&ecirc;n đỉnh đầu d&agrave;i v&agrave; c&oacute; thể chia side-part.</p>\r\n<p style=\"box-sizing: border-box; margin: 0px 0px 1.25em; padding-top: 0px; padding-right: 0px; padding-bottom: 0px; border: 0px; font-style: inherit; font-variant: inherit; font-weight: inherit; font-stretch: inherit; font-size: inherit; line-height: inherit; vertical-align: baseline; text-rendering: optimizelegibility; text-align: left;\">Nh&agrave; tạo mẫu t&oacute;c nổi tiếng Jamie Stevens cũng cho bạn lời khuy&ecirc;n: &ldquo;Bạn n&ecirc;n tr&aacute;nh để t&oacute;c phủ xuống dưới tr&aacute;n, việc n&agrave;y c&oacute; khiển khiến gương mặt bạn tr&ocirc;ng c&agrave;ng mềm mại v&agrave; khu&ocirc;n mặt tr&ograve;n hơn.&rdquo;</p>\r\n<p style=\"box-sizing: border-box; margin: 0px 0px 1.25em; padding-top: 0px; padding-right: 0px; padding-bottom: 0px; border: 0px; font-style: inherit; font-variant: inherit; font-weight: inherit; font-stretch: inherit; font-size: inherit; line-height: inherit; vertical-align: baseline; text-rendering: optimizelegibility; text-align: left;\">Bạn cũng kh&ocirc;ng cần nu&ocirc;i r&acirc;u để lấp đầy những khoảng trống kh&ocirc;ng c&acirc;n xứng tr&ecirc;n khu&ocirc;n mặt, v&igrave; thế cứ thoải m&aacute;i cạo r&acirc;u nếu bạn muốn.</p>\r\n<figure id=\"attachment_8544\" class=\"wp-caption aligncenter\" style=\"box-sizing: border-box; margin-top: 5px; margin-bottom: 1.25em; padding-top: 0px; padding-right: 0px; padding-bottom: 0px; border: 0px; font: inherit; vertical-align: baseline; display: block; max-width: 100%; width: 675px; text-align: left;\" aria-describedby=\"caption-attachment-8544\"><img class=\"wp-image-8544 size-full\" style=\"box-sizing: border-box; margin: 0px; padding: 0px; border: 0px none; font: inherit; vertical-align: middle; max-width: 100%; height: auto; width: auto;\" title=\"C&aacute;c kiểu t&oacute;c cho với nam giới khu&ocirc;n mặt tr&aacute;i xoan.\" src=\"https://menback.com/wp-content/uploads/2020/05/kieu-toc-khuon-mat-trai-xoan-nam.jpg\" sizes=\"(max-width: 675px) 100vw, 675px\" srcset=\"https://menback.com/wp-content/uploads/2020/05/kieu-toc-khuon-mat-trai-xoan-nam.jpg 675w, https://menback.com/wp-content/uploads/2020/05/kieu-toc-khuon-mat-trai-xoan-nam-300x400.jpg 300w, https://menback.com/wp-content/uploads/2020/05/kieu-toc-khuon-mat-trai-xoan-nam-380x506.jpg 380w\" alt=\"C&aacute;c kiểu t&oacute;c cho với nam giới khu&ocirc;n mặt tr&aacute;i xoan.\" width=\"675\" height=\"900\" data-pin-no-hover=\"true\" />\r\n<figcaption id=\"caption-attachment-8544\" class=\"wp-caption-text\" style=\"box-sizing: border-box; margin: 3px 0px 0px; padding-top: 0px; padding-right: 0px; padding-bottom: 0px; border: 0px; font-style: inherit; font-variant: inherit; font-weight: inherit; font-stretch: inherit; font-size: 12px; line-height: inherit; font-family: inherit; vertical-align: baseline; color: #a0a0a0;\">C&aacute;c kiểu t&oacute;c cho với nam giới khu&ocirc;n mặt tr&aacute;i xoan.</figcaption>\r\n</figure>\r\n<h2 style=\"box-sizing: border-box; margin: 0.83em 0px 0.5em; padding-top: 0px; padding-right: 0px; padding-bottom: 0px; border: 0px; font-style: inherit; font-variant: inherit; font-weight: 500; font-stretch: inherit; font-size: 20px; line-height: 1.35; font-family: inherit; vertical-align: baseline; color: #212121; text-rendering: optimizelegibility; text-align: left;\"><span style=\"box-sizing: border-box; margin: 0px; padding: 0px; border: 0px; font-style: inherit; font-variant: inherit; font-weight: bold; font-stretch: inherit; font-size: inherit; line-height: inherit; font-family: inherit; vertical-align: baseline;\">Kiểu t&oacute;c ph&ugrave; hợp với nam giới c&oacute; khu&ocirc;n mặt vu&ocirc;ng</span></h2>\r\n<p style=\"box-sizing: border-box; margin: 0px 0px 1.25em; padding-top: 0px; padding-right: 0px; padding-bottom: 0px; border: 0px; font-style: inherit; font-variant: inherit; font-weight: inherit; font-stretch: inherit; font-size: inherit; line-height: inherit; vertical-align: baseline; text-rendering: optimizelegibility; text-align: left;\">Được coi l&agrave; khu&ocirc;n mặt l&yacute; tưởng của sự nam t&iacute;nh, một khu&ocirc;n mặt vu&ocirc;ng với đặc trưng xương h&agrave;m lớn v&agrave; g&oacute;c cạnh, tạo n&ecirc;n một gương mặt gai g&oacute;c, x&ugrave; x&igrave;.</p>\r\n<p style=\"box-sizing: border-box; margin: 0px 0px 1.25em; padding-top: 0px; padding-right: 0px; padding-bottom: 0px; border: 0px; font-style: inherit; font-variant: inherit; font-weight: inherit; font-stretch: inherit; font-size: inherit; line-height: inherit; vertical-align: baseline; text-rendering: optimizelegibility; text-align: left;\">Giống như khu&ocirc;n mặt tr&aacute;i xoan, nam giới c&oacute; khu&ocirc;n mặt vu&ocirc;ng thực sự may mắn khi sở hữu gương mặt ph&ugrave; hợp với hầu hết c&aacute;c kiểu t&oacute;c đẹp</p>\r\n<p style=\"box-sizing: border-box; margin: 0px 0px 1.25em; padding-top: 0px; padding-right: 0px; padding-bottom: 0px; border: 0px; font-style: inherit; font-variant: inherit; font-weight: inherit; font-stretch: inherit; font-size: inherit; line-height: inherit; vertical-align: baseline; text-rendering: optimizelegibility; text-align: left;\">Kiểu t&oacute;c cổ điển, gọn g&agrave;ng sẽ l&agrave; tốt nhất để tăng độ nam t&iacute;nh cho nam giới c&oacute; khu&ocirc;n mặt vu&ocirc;ng. Nhưng lớp t&oacute;c mờ dần ở hai b&ecirc;n mai, v&agrave; những lọn t&oacute;c ngắn l&agrave; sự bổ sung ho&agrave;n hảo.</p>\r\n<p style=\"box-sizing: border-box; margin: 0px 0px 1.25em; padding-top: 0px; padding-right: 0px; padding-bottom: 0px; border: 0px; font-style: inherit; font-variant: inherit; font-weight: inherit; font-stretch: inherit; font-size: inherit; line-height: inherit; vertical-align: baseline; text-rendering: optimizelegibility; text-align: left;\">Nu&ocirc;i một ch&uacute;t r&acirc;u cũng sẽ l&agrave;m tăng th&ecirc;m độ sắc n&eacute;t cho khu&ocirc;n mặt m&agrave; kh&ocirc;ng l&agrave;m giảm đi đường n&eacute;t gai g&oacute;c vốn c&oacute;.</p>\r\n<figure id=\"attachment_8541\" class=\"wp-caption aligncenter\" style=\"box-sizing: border-box; margin-top: 5px; margin-bottom: 1.25em; padding-top: 0px; padding-right: 0px; padding-bottom: 0px; border: 0px; font: inherit; vertical-align: baseline; display: block; max-width: 100%; width: 675px; text-align: left;\" aria-describedby=\"caption-attachment-8541\"><img class=\"wp-image-8541 size-full\" style=\"box-sizing: border-box; margin: 0px; padding: 0px; border: 0px none; font: inherit; vertical-align: middle; max-width: 100%; height: auto; width: auto;\" title=\"Kiểu t&oacute;c mặt vu&ocirc;ng nam.\" src=\"https://menback.com/wp-content/uploads/2020/05/kieu-toc-mat-vuong-nam.jpg\" sizes=\"(max-width: 675px) 100vw, 675px\" srcset=\"https://menback.com/wp-content/uploads/2020/05/kieu-toc-mat-vuong-nam.jpg 675w, https://menback.com/wp-content/uploads/2020/05/kieu-toc-mat-vuong-nam-300x400.jpg 300w, https://menback.com/wp-content/uploads/2020/05/kieu-toc-mat-vuong-nam-380x506.jpg 380w\" alt=\"Kiểu t&oacute;c mặt vu&ocirc;ng nam.\" width=\"675\" height=\"900\" data-pin-no-hover=\"true\" />\r\n<figcaption id=\"caption-attachment-8541\" class=\"wp-caption-text\" style=\"box-sizing: border-box; margin: 3px 0px 0px; padding-top: 0px; padding-right: 0px; padding-bottom: 0px; border: 0px; font-style: inherit; font-variant: inherit; font-weight: inherit; font-stretch: inherit; font-size: 12px; line-height: inherit; font-family: inherit; vertical-align: baseline; color: #a0a0a0;\">C&aacute;c kiểu t&oacute;c ph&ugrave; hợp với nam giới mặt vu&ocirc;ng.</figcaption>\r\n</figure>\r\n<h2 style=\"box-sizing: border-box; margin: 0.83em 0px 0.5em; padding-top: 0px; padding-right: 0px; padding-bottom: 0px; border: 0px; font-style: inherit; font-variant: inherit; font-weight: 500; font-stretch: inherit; font-size: 20px; line-height: 1.35; font-family: inherit; vertical-align: baseline; color: #212121; text-rendering: optimizelegibility; text-align: left;\"><span style=\"box-sizing: border-box; margin: 0px; padding: 0px; border: 0px; font-style: inherit; font-variant: inherit; font-weight: bold; font-stretch: inherit; font-size: inherit; line-height: inherit; font-family: inherit; vertical-align: baseline;\">Kiểu t&oacute;c nam ph&ugrave; hợp với khu&ocirc;n mặt h&igrave;nh chữ nhật</span></h2>\r\n<p style=\"box-sizing: border-box; margin: 0px 0px 1.25em; padding-top: 0px; padding-right: 0px; padding-bottom: 0px; border: 0px; font-style: inherit; font-variant: inherit; font-weight: inherit; font-stretch: inherit; font-size: inherit; line-height: inherit; vertical-align: baseline; text-rendering: optimizelegibility; text-align: left;\">Đ&acirc;y l&agrave; h&igrave;nh dạng khu&ocirc;n mặt d&agrave;i nhất, khu&ocirc;n mặt h&igrave;nh chữ nhật nằm ở đ&acirc;u đ&oacute; giữa h&igrave;nh bầu dục v&agrave; h&igrave;nh vu&ocirc;ng, nhưng đ&ograve;i hỏi một kiểu t&oacute;c được tinh chỉnh để đảm bảo khu&ocirc;n mặt của nam giới kh&ocirc;ng tiếp tục bị k&eacute;o d&agrave;i ra.</p>\r\n<p style=\"box-sizing: border-box; margin: 0px 0px 1.25em; padding-top: 0px; padding-right: 0px; padding-bottom: 0px; border: 0px; font-style: inherit; font-variant: inherit; font-weight: inherit; font-stretch: inherit; font-size: inherit; line-height: inherit; vertical-align: baseline; text-rendering: optimizelegibility; text-align: left;\">V&igrave; một khu&ocirc;n mặt h&igrave;nh chữ nhật tr&ocirc;ng d&agrave;i hơn, n&ecirc;n điều quan trọng l&agrave; tr&aacute;nh lấy c&aacute;c cạnh qu&aacute; ngắn nếu giữ chiều d&agrave;i tr&ecirc;n đỉnh, v&igrave; điều n&agrave;y chỉ l&agrave;m nổi bật chiều d&agrave;i của khu&ocirc;n mặt. H&atilde;y thử một kiểu t&oacute;c c&acirc;n đối, kh&ocirc;ng qu&aacute; ngắn, nhưng phần t&oacute;c đỉnh đầu cũng kh&ocirc;ng qu&aacute;&nbsp;</p>\r\n<p style=\"box-sizing: border-box; margin: 0px 0px 1.25em; padding-top: 0px; padding-right: 0px; padding-bottom: 0px; border: 0px; font-style: inherit; font-variant: inherit; font-weight: inherit; font-stretch: inherit; font-size: inherit; line-height: inherit; vertical-align: baseline; text-rendering: optimizelegibility; text-align: left;\">Theo lời khuy&ecirc;n đ&oacute;, h&atilde;y thử một kiểu t&oacute;c side-part để th&ecirc;m chiều rộng v&agrave; đảm bảo khu&ocirc;n mặt của bạn kh&ocirc;ng bị l&agrave;m hẹp đi so với thực tế.</p>\r\n<p style=\"box-sizing: border-box; margin: 0px 0px 1.25em; padding-top: 0px; padding-right: 0px; padding-bottom: 0px; border: 0px; font-style: inherit; font-variant: inherit; font-weight: inherit; font-stretch: inherit; font-size: inherit; line-height: inherit; vertical-align: baseline; text-rendering: optimizelegibility; text-align: left;\">Cuối c&ugrave;ng, cũng kh&ocirc;ng n&ecirc;n để một bộ r&acirc;u qu&aacute; d&agrave;i ở phần cằm, n&oacute; sẽ khiến khu&ocirc;n mặt của bạn c&agrave;ng d&agrave;i hơn v&agrave; mất c&acirc;n đối.</p>\r\n<figure id=\"attachment_8538\" class=\"wp-caption aligncenter\" style=\"box-sizing: border-box; margin-top: 5px; margin-bottom: 1.25em; padding-top: 0px; padding-right: 0px; padding-bottom: 0px; border: 0px; font: inherit; vertical-align: baseline; display: block; max-width: 100%; width: 675px; text-align: left;\" aria-describedby=\"caption-attachment-8538\"><img class=\"wp-image-8538 size-full\" style=\"box-sizing: border-box; margin: 0px; padding: 0px; border: 0px none; font: inherit; vertical-align: middle; max-width: 100%; height: auto; width: auto;\" title=\"Kiểu t&oacute;c ph&ugrave; hợp với nam giới mặt h&igrave;nh chữ nhật\" src=\"https://menback.com/wp-content/uploads/2020/05/kieu-toc-mat-chu-nhat-nam.jpg\" sizes=\"(max-width: 675px) 100vw, 675px\" srcset=\"https://menback.com/wp-content/uploads/2020/05/kieu-toc-mat-chu-nhat-nam.jpg 675w, https://menback.com/wp-content/uploads/2020/05/kieu-toc-mat-chu-nhat-nam-300x400.jpg 300w, https://menback.com/wp-content/uploads/2020/05/kieu-toc-mat-chu-nhat-nam-380x506.jpg 380w\" alt=\"Kiểu t&oacute;c ph&ugrave; hợp với nam giới mặt h&igrave;nh chữ nhật\" width=\"675\" height=\"900\" data-pin-no-hover=\"true\" />\r\n<figcaption id=\"caption-attachment-8538\" class=\"wp-caption-text\" style=\"box-sizing: border-box; margin: 3px 0px 0px; padding-top: 0px; padding-right: 0px; padding-bottom: 0px; border: 0px; font-style: inherit; font-variant: inherit; font-weight: inherit; font-stretch: inherit; font-size: 12px; line-height: inherit; font-family: inherit; vertical-align: baseline; color: #a0a0a0;\">Kiểu t&oacute;c ph&ugrave; hợp với nam giới mặt h&igrave;nh chữ nhật.</figcaption>\r\n</figure>\r\n<h2 style=\"box-sizing: border-box; margin: 0.83em 0px 0.5em; padding-top: 0px; padding-right: 0px; padding-bottom: 0px; border: 0px; font-style: inherit; font-variant: inherit; font-weight: 500; font-stretch: inherit; font-size: 20px; line-height: 1.35; font-family: inherit; vertical-align: baseline; color: #212121; text-rendering: optimizelegibility; text-align: left;\"><span style=\"box-sizing: border-box; margin: 0px; padding: 0px; border: 0px; font-style: inherit; font-variant: inherit; font-weight: bold; font-stretch: inherit; font-size: inherit; line-height: inherit; font-family: inherit; vertical-align: baseline;\">Kiểu t&oacute;c ph&ugrave; hợp với nam giới c&oacute; khu&ocirc;n mặt tr&ograve;n</span></h2>\r\n<p style=\"box-sizing: border-box; margin: 0px 0px 1.25em; padding-top: 0px; padding-right: 0px; padding-bottom: 0px; border: 0px; font-style: inherit; font-variant: inherit; font-weight: inherit; font-stretch: inherit; font-size: inherit; line-height: inherit; vertical-align: baseline; text-rendering: optimizelegibility; text-align: left;\">Khu&ocirc;n mặt n&agrave;y được nhận biết bởi tổng thể khu&ocirc;n mặt gần như một h&igrave;nh tr&ograve;n, với phần cằm tr&ograve;n đầy v&agrave; kh&ocirc;ng c&oacute; đường n&eacute;t g&oacute;c cạnh r&otilde;&nbsp;</p>\r\n<p style=\"box-sizing: border-box; margin: 0px 0px 1.25em; padding-top: 0px; padding-right: 0px; padding-bottom: 0px; border: 0px; font-style: inherit; font-variant: inherit; font-weight: inherit; font-stretch: inherit; font-size: inherit; line-height: inherit; vertical-align: baseline; text-rendering: optimizelegibility; text-align: left;\">Nếu nam giới c&oacute; khu&ocirc;n mặt tr&ograve;n, th&igrave; h&atilde;y thử nghĩ l&agrave; n&oacute; vu&ocirc;ng. V&igrave; khu&ocirc;n mặt tr&ograve;n c&oacute; ch&uacute;t g&oacute;c cạnh tự nhi&ecirc;n, bạn cần tạo ảo gi&aacute;c về cấu tr&uacute;c với m&aacute;i t&oacute;c của m&igrave;nh.</p>\r\n<p style=\"box-sizing: border-box; margin: 0px 0px 1.25em; padding-top: 0px; padding-right: 0px; padding-bottom: 0px; border: 0px; font-style: inherit; font-variant: inherit; font-weight: inherit; font-stretch: inherit; font-size: inherit; line-height: inherit; vertical-align: baseline; text-rendering: optimizelegibility; text-align: left;\">Những kiểu t&oacute;c với phần t&oacute;c đỉnh đầu d&agrave;i, được vuốt cao, v&agrave; phần t&oacute;c hai b&ecirc;n cắt s&aacute;t hoặc được &eacute;p chặt giống như kiểu t&oacute;c pompadour.</p>\r\n<p style=\"box-sizing: border-box; margin: 0px 0px 1.25em; padding-top: 0px; padding-right: 0px; padding-bottom: 0px; border: 0px; font-style: inherit; font-variant: inherit; font-weight: inherit; font-stretch: inherit; font-size: inherit; line-height: inherit; vertical-align: baseline; text-rendering: optimizelegibility; text-align: left;\">Tạo một g&oacute;c vu&ocirc;ng ở phần t&oacute;c tiếp gi&aacute;p giữa đỉnh đầu v&agrave; hai b&ecirc;n sẽ l&agrave;m tổng thể gương mặt bạn th&ecirc;m sắc n&eacute;t v&agrave; g&oacute;c cạnh hơn.</p>\r\n<p style=\"box-sizing: border-box; margin: 0px 0px 1.25em; padding-top: 0px; padding-right: 0px; padding-bottom: 0px; border: 0px; font-style: inherit; font-variant: inherit; font-weight: inherit; font-stretch: inherit; font-size: inherit; line-height: inherit; vertical-align: baseline; text-rendering: optimizelegibility; text-align: left;\">Một bộ r&acirc;u vu&ocirc;ng cũng sẽ gi&uacute;p l&agrave;m mỏng v&ugrave;ng cằm, mang lại d&aacute;ng vẻ gai g&oacute;c hơn cho khu&ocirc;n mặt nam giới.</p>\r\n<h2 style=\"box-sizing: border-box; margin: 0.83em 0px 0.5em; padding-top: 0px; padding-right: 0px; padding-bottom: 0px; border: 0px; font-style: inherit; font-variant: inherit; font-weight: 500; font-stretch: inherit; font-size: 20px; line-height: 1.35; font-family: inherit; vertical-align: baseline; color: #212121; text-rendering: optimizelegibility; text-align: left;\"><span style=\"box-sizing: border-box; margin: 0px; padding: 0px; border: 0px; font-style: inherit; font-variant: inherit; font-weight: bold; font-stretch: inherit; font-size: inherit; line-height: inherit; font-family: inherit; vertical-align: baseline;\">Kiểu t&oacute;c nam ph&ugrave; hợp với gương mặt kim cương</span></h2>\r\n<p style=\"box-sizing: border-box; margin: 0px 0px 1.25em; padding-top: 0px; padding-right: 0px; padding-bottom: 0px; border: 0px; font-style: inherit; font-variant: inherit; font-weight: inherit; font-stretch: inherit; font-size: inherit; line-height: inherit; vertical-align: baseline; text-rendering: optimizelegibility; text-align: left;\">Nam giới c&oacute; khu&ocirc;n mặt n&agrave;y với đặc điểm hẹp ở cằm v&agrave; tr&aacute;n, với chiều rộng ở m&aacute;, kim cương l&agrave; một trong những h&igrave;nh dạng khu&ocirc;n mặt hiếm hơn. Do đ&oacute;, n&oacute; c&oacute; một số y&ecirc;u cầu chuy&ecirc;n m&ocirc;n về kiểu t&oacute;c để đảm bảo nam giới c&oacute; gương mặt tỏa s&aacute;ng như t&ecirc;n của h&igrave;nh dạng khu&ocirc;n mặt n&agrave;y.</p>\r\n<p style=\"box-sizing: border-box; margin: 0px 0px 1.25em; padding-top: 0px; padding-right: 0px; padding-bottom: 0px; border: 0px; font-style: inherit; font-variant: inherit; font-weight: inherit; font-stretch: inherit; font-size: inherit; line-height: inherit; vertical-align: baseline; text-rendering: optimizelegibility; text-align: left;\">Những kiểu t&oacute;c với phần m&aacute;i c&oacute; thể phủ l&ecirc;n tr&aacute;n l&agrave; lựa chọn tốt nhất cho nam giới c&oacute; khu&ocirc;n mặt h&igrave;nh kim cương.</p>\r\n<p style=\"box-sizing: border-box; margin: 0px 0px 1.25em; padding-top: 0px; padding-right: 0px; padding-bottom: 0px; border: 0px; font-style: inherit; font-variant: inherit; font-weight: inherit; font-stretch: inherit; font-size: inherit; line-height: inherit; vertical-align: baseline; text-rendering: optimizelegibility; text-align: left;\">Kiểu t&oacute;c Fringes cũng l&agrave; một lựa chọn gi&uacute;p bạn th&ecirc;m kết cấu t&oacute;c v&agrave;o tr&aacute;n, trong khi c&aacute;c phần t&oacute;c hai b&ecirc;n c&oacute; thể được giấu sau tai. Đ&acirc;y l&agrave; kiểu t&oacute;c tuyệt vời để l&agrave;m nổi bật cấu tr&uacute;c xương h&igrave;nh kim cương của nam giới.</p>\r\n</div>\r\n</div>\r\n</div>\r\n</div>', '5f252c95ec6f0p1.png', 2, 7, '2020-08-01 08:49:25'),
(5, '5 kiểu tóc cắt sát 2 bên và sau gáy', '<p>5 kiểu t&oacute;c cắt s&aacute;t 2 b&ecirc;n v&agrave; sau g&aacute;y</p>\r\n<p>Chưa bao giờ c&oacute; dấu hiệu hạ nhiệt, c&aacute;c kiểu t&oacute;c cắt s&aacute;t 2 b&ecirc;n v&agrave; sau g&aacute;y mang đến cho bạn vẻ nam t&iacute;nh cũng như sự nhẹ nh&agrave;ng, tuỳ biến đến từ độ d&agrave;i của phần t&oacute;c giữa. C&aacute;c kiểu t&oacute;c n&agrave;y thu h&uacute;t nam giới cũng bởi sự kết hợp nhịp nh&agrave;ng giữa ngắn v&agrave; d&agrave;i, gọn g&agrave;ng v&agrave; vẫn bồng bềnh, &ldquo;chất nghệ&rdquo;.</p>\r\n<p><strong style=\"box-sizing: border-box;\">French Crop</strong></p>\r\n<p><img style=\"box-sizing: border-box; border: 0px; vertical-align: middle; max-width: 100%;\" src=\"https://i.imgur.com/mxj5Ewy.jpg\" /></p>\r\n<p>Với tần suất chăm s&oacute;c, bảo dưỡng thấp, ph&ugrave; hợp với nhiều khu&ocirc;n mặt, m&ocirc;i trường l&agrave;m việc, kiểu t&oacute;c French crop thực sự l&agrave; một lựa chọn bất cứ anh ch&agrave;ng n&agrave;o cũng n&ecirc;n thử.</p>\r\n<p>H&atilde;y n&oacute;i với thợ cắt rằng bạn muốn phần t&oacute;c 2 b&ecirc;n v&agrave; sau g&aacute;y thật s&aacute;t trong khi phần t&oacute;c tr&ecirc;n c&oacute; độ d&agrave;i từ 3-5cm (hoặc hơn nữa tuỳ theo &yacute; muốn của bạn). Điểm độc đ&aacute;o của French crop cũng nằm ở phần t&oacute;c tr&ecirc;n n&agrave;y khi n&oacute; phải được cắt tỉa theo lớp, mang hiệu ứng hơi rối hoặc bồng bềnh l&uacute;c tạo kiểu. Phần t&oacute;c m&aacute;i được tỉa t&oacute;t hơi mỏng, c&oacute; thể để bu&ocirc;ng gần chạm đến l&ocirc;ng m&agrave;y hoặc hất sang hai b&ecirc;n. Đ&acirc;y cũng ch&iacute;nh l&agrave; thế mạnh của Frech crop: Sự linh hoạt.</p>\r\n<p><strong style=\"box-sizing: border-box;\">Quiff</strong></p>\r\n<p><img style=\"box-sizing: border-box; border: 0px; vertical-align: middle; max-width: 100%;\" src=\"https://i.imgur.com/fWlCzRI.jpg\" /></p>\r\n<p>Vẻ l&atilde;ng tử, lạnh l&ugrave;ng của t&oacute;c quiff chắc chắn sẽ c&ograve;n &ldquo;b&aacute;m&rdquo; theo c&aacute;c ch&agrave;ng trai trong thời gian tới, đặc biệt l&agrave; khi thời tiết chuyển sang m&aacute;t mẻ, dễ chịu. Điểm quan trọng nhất của t&oacute;c quiff ch&iacute;nh l&agrave; độ d&agrave;i v&agrave; sự d&agrave;y dặn của phần t&oacute;c m&aacute;i để đạt được sự mềm mại, bồng bềnh khi vuốt ngược hoặc ch&eacute;o sang b&ecirc;n tr&aacute;i hoặc phải.</p>\r\n<p>Độ d&agrave;i của phần t&oacute;c m&aacute;i n&agrave;y cũng phải c&acirc;n bằng với độ d&agrave;i của phần t&oacute;c 2 b&ecirc;n v&agrave; sau g&aacute;y. Nếu m&aacute;i ngắn (d&ugrave;ng lược chải xuống chỉ chạm tới l&ocirc;ng m&agrave;y) th&igrave; phần t&oacute;c 2 b&ecirc;n v&agrave; sau g&aacute;y c&oacute; thể cắt hoặc cạo s&aacute;t. C&ograve;n nếu m&aacute;i d&agrave;i (vượt qu&aacute; mũi chẳng hạn) th&igrave; lại l&agrave; vấn đề của sự kh&eacute;o l&eacute;o. Bạn cần n&oacute;i với thợ cắt kh&ocirc;ng &ldquo;cạo trắng&rdquo; phần t&oacute;c 2 b&ecirc;n v&agrave; sau g&aacute;y m&agrave; n&ecirc;n để t&oacute;c khu vực n&agrave;y c&oacute; độ d&agrave;i nhất định để ho&agrave; hợp với t&oacute;c m&aacute;i. Nếu kh&ocirc;ng được c&acirc;n bằng, m&aacute;i t&oacute;c của bạn tr&ocirc;ng sẽ rất &ldquo;nặng nề&rdquo; với phần m&aacute;i d&agrave;y dặn trong khi phần t&oacute;c 2 b&ecirc;n lại qu&aacute; ngắn.</p>\r\n<p><strong style=\"box-sizing: border-box;\">Tỉa rối</strong></p>\r\n<p><img style=\"box-sizing: border-box; border: 0px; vertical-align: middle; max-width: 100%;\" src=\"https://i.imgur.com/OSxERuF.jpg\" /></p>\r\n<p>N&eacute;t c&aacute; t&iacute;nh của bạn sẽ được thể hiện r&otilde; r&agrave;ng hơn với kiểu t&oacute;c n&agrave;y. Hơn nữa, đ&acirc;y cũng l&agrave; lựa chọn dễ tạo kiểu nhất trong số 5 kiểu được nhắc đến trong b&agrave;i. Đ&ocirc;i khi bạn chỉ cần d&ugrave;ng một lượng wax vừa phải, xoa đều trong 2 l&ograve;ng b&agrave;n tay v&agrave; v&ograve; nhẹ l&ecirc;n t&oacute;c l&agrave; cũng c&oacute; thể ho&agrave;n th&agrave;nh. Hiệu ứng rối c&oacute; chủ đ&iacute;ch l&agrave; thứ quan trọng nhất, h&atilde;y để thợ cắt sử dụng kỹ thuật &ldquo;point-cut&rdquo; (tỉa t&oacute;c nhọn) theo từng lớp để c&oacute; được hiệu ứng đ&uacute;ng đắn cho kiểu t&oacute;c n&agrave;y.</p>\r\n<p>Đ&uacute;ng như t&ecirc;n gọi, bạn c&oacute; thể tuỳ biến m&aacute;i t&oacute;c của m&igrave;nh theo kiểu rối tự nhi&ecirc;n hoặc vuốt nhẹ sang một b&ecirc;n theo chiều hướng tự nhi&ecirc;n, kh&ocirc;ng c&oacute; nếp t&oacute;c cố định.</p>\r\n<p><strong style=\"box-sizing: border-box;\">&ldquo;M&agrave;o g&agrave;&rdquo; hiện đại</strong></p>\r\n<p><img style=\"box-sizing: border-box; border: 0px; vertical-align: middle; max-width: 100%;\" src=\"https://i.imgur.com/emcIOuQ.jpg\" /></p>\r\n<p>Đ&acirc;y c&oacute; thể được xem như một biến thể nho nhỏ của t&oacute;c quiff khi phần t&oacute;c m&aacute;i được chăm s&oacute;c, tỉa t&oacute;t sao cho nổi bật hơn với theo hướng &ldquo;dồn&rdquo; v&agrave;o giữa. Nếu bạn nhớ lại khoảng thời gian gần 10 năm về trước, d&acirc;n t&igrave;nh c&ograve;n đang ph&aacute;t &ldquo;sốt&rdquo; với kiểu t&oacute;c m&agrave;o g&agrave; dựng ngược chạy dọc từ m&aacute;i cho tới đỉnh đầu của David Beckham th&igrave; b&acirc;y giờ kiểu t&oacute;c đ&oacute; đ&atilde; trở lại, tất nhi&ecirc;n l&agrave; c&oacute; thay đổi kh&aacute; nhiều so với bản gốc.</p>\r\n<p>Kiểu t&oacute;c &ldquo;m&agrave;o g&agrave;&rdquo; từng l&agrave;m mưa l&agrave;m gi&oacute; một thời của Becks</p>\r\n<p>&ldquo;M&agrave;o g&agrave;&rdquo; hiện đại sẽ mềm mại, dễ kiểm so&aacute;t hơn rất nhiều so với hồi xa xưa của Becks khi chỉ ch&uacute; trọng v&agrave;o sự tương phản của t&oacute;c m&aacute;i c&ograve;n phần t&oacute;c ph&iacute;a tr&ecirc;n, bạn c&oacute; thể để ch&uacute;ng tự nhi&ecirc;n, vuốt rối hoặc &ldquo;lai&rsquo; với French crop cũng rất hợp l&yacute;.</p>\r\n<p><strong style=\"box-sizing: border-box;\">Side Part</strong></p>\r\n<p><img style=\"box-sizing: border-box; border: 0px; vertical-align: middle; max-width: 100%;\" src=\"https://i.imgur.com/YKrh9Cc.jpg\" /></p>\r\n<p>Lịch sự v&agrave; chỉn chu nhất trong số 5 kiểu t&oacute;c, Side Part ph&ugrave; hợp nhất với c&aacute;c anh ch&agrave;ng c&ocirc;ng sở, thường xuy&ecirc;n phải kho&aacute;c l&ecirc;n người đồng phục, sơ mi k&egrave;m theo caravat. M&aacute;i t&oacute;c của bạn sẽ được chải ng&ocirc;i lệch rất r&otilde; r&agrave;ng, bởi đường line chia t&oacute;c ch&iacute;nh l&agrave; điểm nhấn của Side Part. C&aacute; nh&acirc;n t&ocirc;i thấy c&aacute;c sản phẩm tạo kiểu với độ b&oacute;ng vừa phải rất hợp với Side Part bởi bạn sẽ cần đến vẻ gọn g&agrave;ng, lịch l&atilde;m nhất định cho kiểu t&oacute;c n&agrave;y.</p>\r\n<p>Trước khi đến với Side Part, h&atilde;y suy nghĩ thật kỹ xem bạn muốn t&oacute;c m&igrave;nh vuốt lệch theo chiều n&agrave;o? Tốt nhất l&agrave; n&ecirc;n tham khảo &yacute; kiến của thợ cắt, họ sẽ xem xo&aacute;y t&oacute;c đằng sau của bạn v&agrave; tư vấn về chiều vuốt của t&oacute;c (xo&aacute;y t&oacute;c quyết định rất nhiều đến hướng mọc của t&oacute;c).</p>', '5f39119466d5bp1.png', 2, 0, '2020-08-16 10:59:32');

-- --------------------------------------------------------

--
-- Table structure for table `orders`
--

CREATE TABLE `orders` (
  `id` int(11) NOT NULL,
  `id_user` int(11) NOT NULL,
  `status` varchar(191) NOT NULL,
  `address` varchar(255) NOT NULL,
  `phone` varchar(11) NOT NULL,
  `created_at` timestamp NOT NULL DEFAULT current_timestamp() ON UPDATE current_timestamp()
) ENGINE=InnoDB DEFAULT CHARSET=utf8mb4;

--
-- Dumping data for table `orders`
--

INSERT INTO `orders` (`id`, `id_user`, `status`, `address`, `phone`, `created_at`) VALUES
(13, 2, 'Đã hủy', 'Mỹ Đình 2, Nam Từ Liêm, Hà Nội', '0385629850', '2020-08-15 15:25:02'),
(14, 8, 'Chờ lấy hàng', 'Hà Nội', '0945222224', '2020-08-16 09:50:16'),
(16, 15, 'Chờ lấy hàng', 'nnnnnn tỷtyrtrrttyrytty', 'xxxx', '2023-08-21 06:55:56'),
(17, 15, 'Đã giao', 'nnnnnn tỷtyrtrrttyrytty', 'xxxx', '2023-08-22 05:52:08'),
(18, 20, 'Chờ lấy hàng', 'hcm q12', '0364877526', '2023-08-22 04:29:05'),
(20, 2, 'Đang giao', 'Mỹ Đình 2, Nam Từ Liêm, Hà Nội', '0385629850', '2023-08-22 05:51:54');

-- --------------------------------------------------------

--
-- Table structure for table `order_detail`
--

CREATE TABLE `order_detail` (
  `id` int(11) NOT NULL,
  `id_order` int(11) NOT NULL,
  `id_product` int(11) NOT NULL,
  `quantity` int(11) NOT NULL
) ENGINE=InnoDB DEFAULT CHARSET=utf8mb4;

--
-- Dumping data for table `order_detail`
--

INSERT INTO `order_detail` (`id`, `id_order`, `id_product`, `quantity`) VALUES
(15, 13, 16, 1),
(16, 13, 18, 1),
(17, 14, 20, 2),
(18, 14, 19, 1),
(20, 16, 20, 1),
(21, 17, 16, 1),
(22, 18, 19, 2),
(23, 18, 15, 1),
(24, 18, 13, 1),
(27, 20, 17, 1);

-- --------------------------------------------------------

--
-- Table structure for table `products`
--

CREATE TABLE `products` (
  `id` int(11) NOT NULL,
  `name` varchar(191) NOT NULL,
  `price` float NOT NULL,
  `sale` float NOT NULL,
  `images` varchar(191) NOT NULL,
  `description` text NOT NULL,
  `status` bit(1) NOT NULL,
  `views` int(11) NOT NULL,
  `id_category` int(11) NOT NULL
) ENGINE=InnoDB DEFAULT CHARSET=utf8mb4;

--
-- Dumping data for table `products`
--

INSERT INTO `products` (`id`, `name`, `price`, `sale`, `images`, `description`, `status`, `views`, `id_category`) VALUES
(5, 'Sáp vuốt tóc Reuzel Blue Pomade ', 389000, 0.17, '5f2a929f9fe093aee2414bf8d1ccd8a6e4934c4ba502d.png', '<p style=\"box-sizing: border-box; margin: 5px 0px 12px; color: #242424; font-family: Roboto, Helvetica, Arial, sans-serif; font-size: 14px; text-align: justify; background-color: #ffffff;\">Reuzel Blue Pomade l&agrave; một sản phẩm Pomade gốc nước c&oacute; độ giữ nếp cao với m&ugrave;i hương vani gỗ nam t&iacute;nh. Đem lại cho bạn một m&aacute;i t&oacute;c c&oacute; độ b&oacute;ng vừa, cổ điển với độ giữ nếp v&ocirc; c&ugrave;ng tốt. Sản phẩm ch&iacute;nh h&atilde;ng đến từ thương hiệu Reuzel Pomade (H&agrave; Lan)</p>\r\n<p style=\"box-sizing: border-box; margin: 5px 0px 12px; color: #242424; font-family: Roboto, Helvetica, Arial, sans-serif; font-size: 14px; text-align: justify; background-color: #ffffff;\"><span style=\"box-sizing: border-box; font-weight: bolder;\">Th&ocirc;ng tin chi tiết Reuzel Blue Pomade</span></p>\r\n<ul style=\"box-sizing: border-box; color: #242424; font-family: Roboto, Helvetica, Arial, sans-serif; font-size: 14px; text-align: justify; background-color: #ffffff;\">\r\n<li style=\"box-sizing: border-box;\">Pomade gốc nước, dễ d&agrave;ng gội rửa</li>\r\n<li style=\"box-sizing: border-box;\">Độ giữ nếp cao strong hold.</li>\r\n<li style=\"box-sizing: border-box;\">Độ b&oacute;ng vừa lịch l&atilde;m High Shine.</li>\r\n<li style=\"box-sizing: border-box;\">M&ugrave;i hương vani gỗ nam t&iacute;nh</li>\r\n<li style=\"box-sizing: border-box;\">Dung t&iacute;ch 4oz ~ 113ml</li>\r\n<li style=\"box-sizing: border-box;\">Dễ d&agrave;ng gội rửa với nước</li>\r\n</ul>\r\n<p style=\"box-sizing: border-box; margin: 5px 0px 12px; color: #242424; font-family: Roboto, Helvetica, Arial, sans-serif; font-size: 14px; text-align: justify; background-color: #ffffff;\">Gi&aacute; sản phẩm tr&ecirc;n Tiki đ&atilde; bao gồm thuế theo luật hiện h&agrave;nh. Tuy nhi&ecirc;n tuỳ v&agrave;o từng loại sản phẩm hoặc phương thức, địa chỉ giao h&agrave;ng m&agrave; c&oacute; thể ph&aacute;t sinh th&ecirc;m chi ph&iacute; kh&aacute;c như ph&iacute; vận chuyển, phụ ph&iacute; h&agrave;ng cồng kềnh, ...</p>', b'1', 0, 4),
(6, 'XỊT TẠO PHỒNG BRITISH M Sea Salt Spray 120ml', 590000, 0, '5f2931254210dp1.png', '<p><span style=\"color: #222222; font-family: Consolas, \'Lucida Console\', \'Courier New\', monospace; font-size: 12px; white-space: pre-wrap; background-color: #ffffff;\">Sea Salt Spray chứa muối kho&aacute;ng kết tinh tr&ecirc;n đỉnh n&uacute;i Andes, Nam Mỹ ở độ cao 3000m so với mực nước biển, cung cấp chất chống oxy h&oacute;a mạnh mẽ.</span><span style=\"color: #222222; font-family: Consolas, \'Lucida Console\', \'Courier New\', monospace; font-size: 12px; white-space: pre-wrap; background-color: #ffffff;\"> - Bảo vệ t&oacute;c khỏi nhiệt độ cao khi sấy, c&acirc;n bằng độ ẩm cho t&oacute;c sau khi sử dụng nhiệt.</span><span style=\"color: #222222; font-family: Consolas, \'Lucida Console\', \'Courier New\', monospace; font-size: 12px; white-space: pre-wrap; background-color: #ffffff;\"> - Tạo độ phồng từ ch&acirc;n t&oacute;c nhanh ch&oacute;ng v&agrave; l&agrave;m dầy sợi t&oacute;c để tạo độ bồng bềnh, dễ tạo kiểu cho t&oacute;c, gi&uacute;p m&aacute;i t&oacute;c phồng l&acirc;u d&agrave;i kh&ocirc;ng bị xẹp.</span></p>\r\n<p><span style=\"color: #222222; font-family: Consolas, \'Lucida Console\', \'Courier New\', monospace; font-size: 12px; white-space: pre-wrap; background-color: #ffffff;\">- Chiết xuất tr&ecirc;n 70% th&agrave;nh phần thi&ecirc;n nhi&ecirc;n, nước kho&aacute;ng được lấy từ miệng n&uacute;i lửa tr&ecirc;n đảo Ulleung, tr&agrave; xanh, hạt phỉ, ... gi&uacute;p t&oacute;c v&agrave; da đầu khỏe mạnh, b&oacute;ng mượt tr&agrave;n đầy sức sống.</span><span style=\"color: #222222; font-family: Consolas, \'Lucida Console\', \'Courier New\', monospace; font-size: 12px; white-space: pre-wrap; background-color: #ffffff;\"><br /></span></p>', b'1', 2, 1),
(8, 'Bọt Cạo Râu Gillette Hương Chanh', 85000, 0.03, '5f2ad42054093sprite.png', '<ul style=\"box-sizing: border-box; color: #242424; font-family: Roboto, Helvetica, Arial, sans-serif; font-size: 14px; text-align: justify; background-color: #ffffff;\">\r\n<li style=\"box-sizing: border-box;\"><span style=\"box-sizing: border-box; font-weight: bolder;\">Bọt Cạo R&acirc;u Gillette Hương Chanh (175g)&nbsp;</span>l&agrave; một trong những d&ograve;ng sản phẩm cao cấp của Gillette được c&ocirc;ng nhận v&agrave; phổ biến rộng r&atilde;i tr&ecirc;n to&agrave;n thế giới.</li>\r\n<li style=\"box-sizing: border-box;\">Sản phẩm mang lại sự thoải m&aacute;i, tự tin v&agrave; an to&agrave;n tuyệt đối cho đấng m&agrave;y r&acirc;u khi sử dụng.</li>\r\n<li style=\"box-sizing: border-box;\">Hương chanh thơm m&aacute;t mang lại sự thoải m&aacute;i, tự tin v&agrave; an to&agrave;n tuyệt đối cho người ti&ecirc;u d&ugrave;ng.</li>\r\n</ul>\r\n<p style=\"box-sizing: border-box; margin: 5px 0px 12px; color: #242424; font-family: Roboto, Helvetica, Arial, sans-serif; font-size: 14px; text-align: justify; background-color: #ffffff;\">Gi&aacute; sản phẩm tr&ecirc;n Tiki đ&atilde; bao gồm thuế theo luật hiện h&agrave;nh. Tuy nhi&ecirc;n tuỳ v&agrave;o từng loại sản phẩm hoặc phương thức, địa chỉ giao h&agrave;ng m&agrave; c&oacute; thể ph&aacute;t sinh th&ecirc;m chi ph&iacute; kh&aacute;c như ph&iacute; vận chuyển, phụ ph&iacute; h&agrave;ng cồng kềnh, ...</p>', b'1', 1, 7),
(9, 'Bọt Cạo Râu Romano Classic', 67000, 0.15, '5f2ad4e2a4a9asprite.png', '<ul style=\"box-sizing: border-box; color: #242424; font-family: Roboto, Helvetica, Arial, sans-serif; font-size: 14px; text-align: justify; background-color: #ffffff;\">\r\n<li style=\"box-sizing: border-box;\"><span style=\"box-sizing: border-box; font-weight: bolder;\">Bọt cạo r&acirc;u Romano Classic (175ml)</span>&nbsp;với c&ocirc;ng thức ti&ecirc;n tiến c&ugrave;ng lớp bọn mịn c&oacute; khả năng l&agrave;m mềm da nhanh ch&oacute;ng, gi&uacute;p cạo &ecirc;m, nhẹ nh&agrave;ng, kh&ocirc;ng g&acirc;y trầy xước, tổn thương da.</li>\r\n<li style=\"box-sizing: border-box;\">Đồng thời, sản phẩm gi&uacute;p s&aacute;t tr&ugrave;ng da v&agrave; mang đến cảm gi&aacute;c sạch m&aacute;t, dễ chịu sau khi sử dụng.</li>\r\n<li style=\"box-sizing: border-box;\">Sản phẩm được sản xuất theo c&ocirc;ng nghệ hiện đại với hương thơm tươi m&aacute;t, dễ chịu.</li>\r\n<li style=\"box-sizing: border-box;\">Bọt Cạo R&acirc;u Romano Classic l&agrave; một sản phẩm d&ugrave;ng để hỗ trợ cho việc cạo r&acirc;u trở n&ecirc;n dễ d&agrave;ng, tr&aacute;nh g&acirc;y tổn thương da.&nbsp;</li>\r\n</ul>\r\n<p style=\"box-sizing: border-box; margin: 5px 0px 12px; color: #242424; font-family: Roboto, Helvetica, Arial, sans-serif; font-size: 14px; text-align: justify; background-color: #ffffff;\">Gi&aacute; sản phẩm tr&ecirc;n Tiki đ&atilde; bao gồm thuế theo luật hiện h&agrave;nh. Tuy nhi&ecirc;n tuỳ v&agrave;o từng loại sản phẩm hoặc phương thức, địa chỉ giao h&agrave;ng m&agrave; c&oacute; thể ph&aacute;t sinh th&ecirc;m chi ph&iacute; kh&aacute;c như ph&iacute; vận chuyển, phụ ph&iacute; h&agrave;ng cồng kềnh, ...</p>', b'1', 0, 7),
(10, 'Gôm xịt tạo phồng By Vilain Sidekick', 399000, 0, '5f2ad66044771sprite.png', '<p>&nbsp;</p>\r\n<p style=\"box-sizing: border-box; margin: 5px 0px 12px; color: #242424; font-family: Roboto, Helvetica, Arial, sans-serif; font-size: 14px; text-align: justify; background-color: #ffffff;\"><span style=\"box-sizing: border-box; font-weight: bolder;\"><iframe style=\"box-sizing: border-box; border-width: 0px; border-style: initial; display: table; margin: auto; width: 880px;\" src=\"https://www.youtube.com/embed/v5bMKEEXz6g\" width=\"560\" height=\"314\" allowfullscreen=\"allowfullscreen\"></iframe></span></p>\r\n<p style=\"box-sizing: border-box; margin: 5px 0px 12px; color: #242424; font-family: Roboto, Helvetica, Arial, sans-serif; font-size: 14px; text-align: justify; background-color: #ffffff;\"><span style=\"box-sizing: border-box; font-weight: bolder;\">Th&ocirc;ng tin sản phẩm G&ocirc;m xịt tạo phồng By Vilain Sidekick</span></p>\r\n<ul style=\"box-sizing: border-box; color: #242424; font-family: Roboto, Helvetica, Arial, sans-serif; font-size: 14px; text-align: justify; background-color: #ffffff;\">\r\n<li style=\"box-sizing: border-box; -webkit-tap-highlight-color: transparent; margin: 0px; padding: 0px;\">Bảo vệ nhiệt cho t&oacute;c l&ecirc;n tới 150&deg;C</li>\r\n<li style=\"box-sizing: border-box; -webkit-tap-highlight-color: transparent; margin: 0px; padding: 0px;\">Tăng hiệu ứng chồng t&oacute;c ( Texture ) v&agrave; độ giữ nếp cho t&oacute;c</li>\r\n<li style=\"box-sizing: border-box; -webkit-tap-highlight-color: transparent; margin: 0px; padding: 0px;\">Tăng độ phồng tuyệt đối</li>\r\n<li style=\"box-sizing: border-box; -webkit-tap-highlight-color: transparent; margin: 0px; padding: 0px;\">Gi&uacute;p m&aacute;i t&oacute;c bạn dễ d&agrave;ng v&agrave;o nếp hỗ trợ tạo kiểu với s&aacute;p</li>\r\n<li style=\"box-sizing: border-box; -webkit-tap-highlight-color: transparent; margin: 0px; padding: 0px;\">L&agrave; sản phẩm Pre-styling ( hỗ trợ tạo kiểu trước vuốt s&aacute;p ) m&agrave; đấng m&agrave;y r&acirc;u n&ecirc;n c&oacute;</li>\r\n<li style=\"box-sizing: border-box; -webkit-tap-highlight-color: transparent; margin: 0px; padding: 0px;\">Th&iacute;ch hợp cho mọi chất t&oacute;c v&agrave; kiểu t&oacute;c, sử dụng sản phẩm sẽ gi&uacute;p t&oacute;c v&agrave;o nếp nhanh hơn</li>\r\n<li style=\"box-sizing: border-box; -webkit-tap-highlight-color: transparent; margin: 0px; padding: 0px;\">Trọng lượng : 155ml ( sử dụng tr&ecirc;n 5 th&aacute;ng )</li>\r\n</ul>\r\n<p style=\"box-sizing: border-box; margin: 5px 0px 12px; color: #242424; font-family: Roboto, Helvetica, Arial, sans-serif; font-size: 14px; text-align: justify; background-color: #ffffff;\">&nbsp;</p>\r\n<p style=\"box-sizing: border-box; margin: 5px 0px 12px; color: #242424; font-family: Roboto, Helvetica, Arial, sans-serif; font-size: 14px; text-align: justify; background-color: #ffffff;\"><span style=\"box-sizing: border-box; font-weight: bolder;\">Th&agrave;nh phần:</span></p>\r\n<p style=\"box-sizing: border-box; margin: 5px 0px 12px; color: #242424; font-family: Roboto, Helvetica, Arial, sans-serif; font-size: 14px; text-align: justify; background-color: #ffffff;\"><span style=\"box-sizing: border-box; font-weight: bolder;\">Aqua, Alcohol Denat, AMP-Acrylates/Allyl Methacrylate Copolymer, Sorbitol, VP/VA Copolymer, PPG-20 Methyl Glucose Ether, C12-15 Pareth-12, Sodium Polystyrene Sulfonate, Sodium Laneth-40 Maleate/Styrene Sulfonate Copolymer, Glycerin, Lauryl Methyl Gluceth-10 Hydroxypropyldimonium Chloride, Sodium PCA, Benzophenone-4, Mannitol, Phenoxyethanol, Sodium Benzoate, Potassium Sorbate, Parfum, CI 75810.</span></p>\r\n<p style=\"box-sizing: border-box; margin: 5px 0px 12px; color: #242424; font-family: Roboto, Helvetica, Arial, sans-serif; font-size: 14px; text-align: justify; background-color: #ffffff;\">&nbsp;</p>\r\n<p style=\"box-sizing: border-box; margin: 5px 0px 12px; color: #242424; font-family: Roboto, Helvetica, Arial, sans-serif; font-size: 14px; text-align: justify; background-color: #ffffff;\"><span style=\"box-sizing: border-box; font-weight: bolder;\">Hướng dẫn sử dụng:</span></p>\r\n<p style=\"box-sizing: border-box; margin: 5px 0px 12px; color: #242424; font-family: Roboto, Helvetica, Arial, sans-serif; font-size: 14px; text-align: justify; background-color: #ffffff;\">Xịt By Vilain Sidekick v&agrave;o t&oacute;c từ 4 - 5 lần từ khoảng c&aacute;ch c&aacute;ch t&oacute;c 10 cm</p>\r\n<p style=\"box-sizing: border-box; margin: 5px 0px 12px; color: #242424; font-family: Roboto, Helvetica, Arial, sans-serif; font-size: 14px; text-align: justify; background-color: #ffffff;\">Sau đ&oacute; sấy t&oacute;c để tạo form t&oacute;c gi&uacute;p t&oacute;c tạo cấu tr&uacute;c nếp sẵn</p>\r\n<p style=\"box-sizing: border-box; margin: 5px 0px 12px; color: #242424; font-family: Roboto, Helvetica, Arial, sans-serif; font-size: 14px; text-align: justify; background-color: #ffffff;\">Sau c&ugrave;ng l&agrave; vuốt s&aacute;p vuốt t&oacute;c By Vilain y&ecirc;u th&iacute;ch của bạn v&agrave; bạn sẽ bất ngờ về vẻ đẹp trai của m&aacute;i t&oacute;c đem lại</p>\r\n<p style=\"box-sizing: border-box; margin: 5px 0px 12px; color: #242424; font-family: Roboto, Helvetica, Arial, sans-serif; font-size: 14px; text-align: justify; background-color: #ffffff;\">* Mẹo: Bạn c&oacute; thể sử dụng By Vilain sidekick sau khi ho&agrave;n th&agrave;nh c&ocirc;ng đoạn vuốt s&aacute;p như l&agrave; một sản phẩm Post-styling ( g&ocirc;m )</p>\r\n<p style=\"box-sizing: border-box; margin: 5px 0px 12px; color: #242424; font-family: Roboto, Helvetica, Arial, sans-serif; font-size: 14px; text-align: justify; background-color: #ffffff;\">* Mẹo: Bạn c&oacute; thể xịt By Vilain Sidekick v&agrave;o l&ograve;ng b&agrave;n tay v&agrave; luồn tay v&agrave;o t&oacute;c để tăng độ phủ sản phẩm tr&ecirc;n t&oacute;c</p>\r\n<p style=\"box-sizing: border-box; margin: 5px 0px 12px; color: #242424; font-family: Roboto, Helvetica, Arial, sans-serif; font-size: 14px; text-align: justify; background-color: #ffffff;\">Gi&aacute; sản phẩm tr&ecirc;n Tiki đ&atilde; bao gồm thuế theo luật hiện h&agrave;nh. Tuy nhi&ecirc;n tuỳ v&agrave;o từng loại sản phẩm hoặc phương thức, địa chỉ giao h&agrave;ng m&agrave; c&oacute; thể ph&aacute;t sinh th&ecirc;m chi ph&iacute; kh&aacute;c như ph&iacute; vận chuyển, phụ ph&iacute; h&agrave;ng cồng kềnh, ...</p>', b'1', 6, 5),
(11, 'By Vilain 3-Pack', 1019700, 0.3, '5f361720b97dap2.png', '<h2 style=\"margin: 0px 0px 10px; padding: 0px; font-weight: 400; font-size: 2em; line-height: 1.25em; font-family: futura-pt, sans-serif; background-color: #ffffff;\"><span style=\"margin: 0px; padding: 0px; vertical-align: inherit;\">S&aacute;p By Vilain</span></h2>\r\n<p style=\"margin: 0px 0px 1em; padding: 0px; font-family: futura-pt, sans-serif; font-size: 16px; background-color: #ffffff;\">&nbsp;</p>\r\n<p style=\"margin: 0px 0px 1em; padding: 0px; font-family: futura-pt, sans-serif; font-size: 16px; background-color: #ffffff;\"><span style=\"margin: 0px; padding: 0px; font-weight: bold;\"><span style=\"margin: 0px; padding: 0px; font-size: large;\"><span style=\"margin: 0px; padding: 0px; vertical-align: inherit;\"><span style=\"margin: 0px; padding: 0px; vertical-align: inherit;\">S&aacute;p vuốt t&oacute;c</span></span></span><br style=\"margin: 0px; padding: 0px;\" /><span style=\"margin: 0px; padding: 0px; vertical-align: inherit;\"><span style=\"margin: 0px; padding: 0px; vertical-align: inherit;\">By Vilain By Vilain Gold Digger</span></span></span><span style=\"margin: 0px; padding: 0px; vertical-align: inherit;\"><span style=\"margin: 0px; padding: 0px; vertical-align: inherit;\">&nbsp;(2.2 fl. Oz./65 ml) l&agrave; loại s&aacute;p vuốt t&oacute;c chuy&ecirc;n nghiệp, hiệu suất cao với độ giữ nếp cực cao v&agrave; kết th&uacute;c mờ ho&agrave;n hảo kh&ocirc;ng b&oacute;ng.&nbsp;</span><span style=\"margin: 0px; padding: 0px; vertical-align: inherit;\">N&oacute; sẽ l&agrave;m d&agrave;y t&oacute;c của bạn bằng c&aacute;ch th&ecirc;m độ đầy đặn v&agrave; kết cấu.&nbsp;</span><span style=\"margin: 0px; padding: 0px; vertical-align: inherit;\">Tại SlikhaarShop, ch&uacute;ng t&ocirc;i so s&aacute;nh Gold Digger với chiếc quần jean ho&agrave;n hảo m&agrave; bạn kh&ocirc;ng thể sống thiếu.&nbsp;</span><span style=\"margin: 0px; padding: 0px; vertical-align: inherit;\">Sản phẩm n&agrave;y đơn giản l&agrave; vật thay đổi cuộc sống v&agrave; cho đến nay l&agrave; sản phẩm By Vilain b&aacute;n chạy nhất.</span></span></p>\r\n<p style=\"margin: 0px 0px 1em; padding: 0px; font-family: futura-pt, sans-serif; font-size: 16px; background-color: #ffffff;\"><span style=\"margin: 0px; padding: 0px; font-weight: bold;\">By Vilain Silver Fox</span><span style=\"margin: 0px; padding: 0px; vertical-align: inherit;\"><span style=\"margin: 0px; padding: 0px; vertical-align: inherit;\">&nbsp;(2,2 fl. Oz./65 ml) l&agrave; sản phẩm tạo kiểu t&oacute;c chuy&ecirc;n nghiệp tối ưu nếu bạn muốn giữ nếp cực tốt v&agrave; tỏa s&aacute;ng.&nbsp;</span><span style=\"margin: 0px; padding: 0px; vertical-align: inherit;\">N&oacute; mang lại cảm gi&aacute;c mềm mại, tăng th&ecirc;m độ đầy đặn v&agrave; kết cấu đồng thời gi&uacute;p bạn c&oacute; thể tạo kiểu t&oacute;c lại bất cứ l&uacute;c n&agrave;o nhờ c&ocirc;ng thức độc đ&aacute;o dựa tr&ecirc;n silicone.&nbsp;</span><span style=\"margin: 0px; padding: 0px; vertical-align: inherit;\">V&igrave; vậy, nếu bạn muốn c&oacute; một vẻ ngo&agrave;i tự nhi&ecirc;n với độ b&oacute;ng vừa phải (m&agrave; kh&ocirc;ng g&acirc;y cảm gi&aacute;c nhờn d&iacute;nh), Silver Fox l&agrave; sự lựa chọn ho&agrave;n hảo cho bạn.</span></span></p>\r\n<p style=\"margin: 0px 0px 1em; padding: 0px; font-family: futura-pt, sans-serif; font-size: 16px; background-color: #ffffff;\"><span style=\"margin: 0px; padding: 0px; font-weight: bold;\">By Vilain Dynamite Clay</span><span style=\"margin: 0px; padding: 0px; vertical-align: inherit;\"><span style=\"margin: 0px; padding: 0px; vertical-align: inherit;\">&nbsp;(2,2 fl. Oz./65 ml) l&agrave; sản phẩm tạo kiểu c&oacute; c&ocirc;ng thức độc đ&aacute;o gi&uacute;p bổ sung kết cấu cho m&aacute;i t&oacute;c thiếu sức sống v&agrave; mang đến vẻ ngo&agrave;i đầy đặn hơn.&nbsp;</span><span style=\"margin: 0px; padding: 0px; vertical-align: inherit;\">N&oacute; ph&ugrave; hợp với cả những m&aacute;i t&oacute;c d&agrave;y, kh&oacute; chải nhất v&agrave; ph&ugrave; hợp với mọi loại t&oacute;c.&nbsp;</span><span style=\"margin: 0px; padding: 0px; vertical-align: inherit;\">Nếu bạn đang t&igrave;m kiếm đi&ecirc;u khắc mờ v&agrave; kết cấu sạn, đ&acirc;y l&agrave; một trong những.&nbsp;</span><span style=\"margin: 0px; padding: 0px; vertical-align: inherit;\">N&oacute; cho ph&eacute;p bạn tạo kiểu t&oacute;c ngoạn mục mỗi ng&agrave;y.</span></span></p>\r\n<p style=\"margin: 0px 0px 1em; padding: 0px; font-family: futura-pt, sans-serif; font-size: 16px; background-color: #ffffff;\"><span style=\"margin: 0px; padding: 0px; font-weight: bold;\">Wax Zero&nbsp;</span><span style=\"margin: 0px; padding: 0px;\"><span style=\"margin: 0px; padding: 0px; vertical-align: inherit;\"><span style=\"margin: 0px; padding: 0px; vertical-align: inherit;\">&nbsp;(2,2 fl. Oz./65 ml) l&agrave; một loại s&aacute;p vuốt t&oacute;c 54% hữu cơ với 0% nước hoa.&nbsp;</span><span style=\"margin: 0px; padding: 0px; vertical-align: inherit;\">N&oacute; cung cấp một độ giữ</span></span></span><span style=\"margin: 0px; padding: 0px; vertical-align: inherit;\"><span style=\"margin: 0px; padding: 0px; vertical-align: inherit;\">&nbsp;nếp&nbsp;</span><span style=\"margin: 0px; padding: 0px;\"><span style=\"margin: 0px; padding: 0px; vertical-align: inherit;\">chắc chắn v&agrave;</span></span><span style=\"margin: 0px; padding: 0px; vertical-align: inherit;\">&nbsp;độ b&oacute;ng tự nhi&ecirc;n gi&uacute;p t&oacute;c bạn tr&ocirc;ng khỏe mạnh.&nbsp;</span><span style=\"margin: 0px; padding: 0px; vertical-align: inherit;\">Dễ d&agrave;ng thi c&ocirc;ng, kh&ocirc;ng cần k&eacute;o v&agrave; k&eacute;o.</span></span></p>\r\n<p style=\"margin: 0px 0px 1em; padding: 0px; font-family: futura-pt, sans-serif; font-size: 16px; background-color: #ffffff;\"><span style=\"margin: 0px; padding: 0px; font-weight: bold;\">By Vilain Powermade Pomade</span><span style=\"margin: 0px; padding: 0px; vertical-align: inherit;\"><span style=\"margin: 0px; padding: 0px; vertical-align: inherit;\">&nbsp;(2.2 fl. Oz./65 ml) l&agrave; một loại keo vuốt t&oacute;c chuy&ecirc;n nghiệp, hiệu suất cao với độ b&oacute;ng v&agrave; giữ nếp nhẹ.&nbsp;</span><span style=\"margin: 0px; padding: 0px; vertical-align: inherit;\">Kết cấu mềm mượt của pomade gi&uacute;p bạn dễ d&agrave;ng thoa đều v&agrave; mang lại cho m&aacute;i t&oacute;c của bạn vẻ s&aacute;ng khỏe tự nhi&ecirc;n nhờ t&aacute;c dụng kh&oacute;a ẩm.&nbsp;</span><span style=\"margin: 0px; padding: 0px; vertical-align: inherit;\">Powermade Pomade l&agrave; một kh&iacute;a cạnh mới cho th&oacute;i quen tạo kiểu t&oacute;c h&agrave;ng ng&agrave;y của bạn.</span></span><br style=\"margin: 0px; padding: 0px;\" /><br style=\"margin: 0px; padding: 0px;\" /><span style=\"margin: 0px; padding: 0px; font-weight: bold;\">By Vilain Revolution&nbsp;</span><span style=\"margin: 0px; padding: 0px; vertical-align: inherit;\"><span style=\"margin: 0px; padding: 0px; vertical-align: inherit;\">&nbsp;l&agrave; một loại s&aacute;p giữ nếp t&oacute;c hiệu suất cao với độ mềm mượt.&nbsp;</span><span style=\"margin: 0px; padding: 0px; vertical-align: inherit;\">Dễ d&agrave;ng &aacute;p dụng (so với Gold Digger / Silver Fox).&nbsp;</span><span style=\"margin: 0px; padding: 0px; vertical-align: inherit;\">Rất nhiều thời gian chơi.&nbsp;</span><span style=\"margin: 0px; padding: 0px; vertical-align: inherit;\">Giữ nếp ho&agrave;n hảo với độ b&oacute;ng thấp.&nbsp;</span><span style=\"margin: 0px; padding: 0px; vertical-align: inherit;\">Hơn hết - m&ugrave;i hương!&nbsp;</span><span style=\"margin: 0px; padding: 0px; vertical-align: inherit;\">(2,2 fl. Oz./65 ml)</span></span><br style=\"margin: 0px; padding: 0px;\" /><span style=\"margin: 0px; padding: 0px; font-weight: bold;\"><br style=\"margin: 0px; padding: 0px;\" /><span style=\"margin: 0px; padding: 0px; font-size: large;\"><span style=\"margin: 0px; padding: 0px;\"><span style=\"margin: 0px; padding: 0px; vertical-align: inherit;\"><span style=\"margin: 0px; padding: 0px; vertical-align: inherit;\">By Vilain Prestyler</span></span></span></span><br style=\"margin: 0px; padding: 0px;\" /><br style=\"margin: 0px; padding: 0px;\" /></span><span style=\"margin: 0px; padding: 0px; font-weight: bold;\">By Vilain NEON&nbsp;</span><span style=\"margin: 0px; padding: 0px; vertical-align: inherit;\"><span style=\"margin: 0px; padding: 0px; vertical-align: inherit;\">tạo ra bọt muối biển v&agrave; đi k&egrave;m với nhiều lợi &iacute;ch như bảo vệ nhiệt (300C).&nbsp;</span><span style=\"margin: 0px; padding: 0px; vertical-align: inherit;\">N&oacute; cũng mang lại cho m&aacute;i t&oacute;c của bạn một kết cấu như b&atilde;i biển &amp; v&agrave; tạo khối lượng (150ml / 5.07oz)</span></span><br style=\"margin: 0px; padding: 0px;\" /><br style=\"margin: 0px; padding: 0px;\" /><span style=\"margin: 0px; padding: 0px;\"><span style=\"margin: 0px; padding: 0px; font-weight: bold;\"><span style=\"margin: 0px; padding: 0px; vertical-align: inherit;\"><span style=\"margin: 0px; padding: 0px; vertical-align: inherit;\">By Vilain Sidekick Zero</span></span></span><span style=\"margin: 0px; padding: 0px; vertical-align: inherit;\"><span style=\"margin: 0px; padding: 0px; vertical-align: inherit;\">&nbsp;l&agrave; sản phẩm xịt tạo kiểu trước 72% hữu cơ với 0% nước hoa v&agrave; bảo vệ nhiệt l&ecirc;n đến 150 &deg; C.&nbsp;</span><span style=\"margin: 0px; padding: 0px; vertical-align: inherit;\">N&oacute; c&oacute; khả năng tăng cường thể t&iacute;ch, c&oacute; chứa chất bảo vệ chống xoăn cứng v&agrave; cung cấp độ giữ nếp, kết cấu v&agrave; b&oacute;ng khỏe tự nhi&ecirc;n (5,24 fl. Oz / 155 ml).</span></span></span><br style=\"margin: 0px; padding: 0px;\" /><br style=\"margin: 0px; padding: 0px;\" /><span style=\"margin: 0px; padding: 0px;\"><span style=\"margin: 0px; padding: 0px; font-weight: bold;\"><span style=\"margin: 0px; padding: 0px; vertical-align: inherit;\"><span style=\"margin: 0px; padding: 0px; vertical-align: inherit;\">By Vilain Sidekick</span></span></span><span style=\"margin: 0px; padding: 0px; vertical-align: inherit;\"><span style=\"margin: 0px; padding: 0px; vertical-align: inherit;\">&nbsp;l&agrave; loại xịt tạo kiểu t&oacute;c chuy&ecirc;n nghiệp với khả năng bảo vệ nhiệt l&ecirc;n đến 150 &deg; C, gi&uacute;p giữ nếp v&agrave; tạo nếp (5,24 fl. Oz./155 ml)</span></span></span></p>', b'1', 0, 4),
(12, 'By Vilain NEON Sea Salt Foam 150ml', 329000, 0.05, '5f36181ddbbb7p1.png', '<h1 style=\"margin: 0px 0px 20px; padding: 0px; font-weight: 400; font-size: 2.6666em; line-height: 1.25em; font-family: futura-pt, sans-serif; background-color: #ffffff;\"><span style=\"margin: 0px; padding: 0px; vertical-align: inherit;\">Bọt muối biển từ Vilain</span></h1>\r\n<p style=\"margin: 0px 0px 1em; padding: 0px; font-family: futura-pt, sans-serif; font-size: 16px; background-color: #ffffff;\"><span style=\"margin: 0px; padding: 0px; vertical-align: inherit;\"><span style=\"margin: 0px; padding: 0px; vertical-align: inherit;\">NEON l&agrave;&nbsp;</span><span style=\"margin: 0px; padding: 0px; vertical-align: inherit;\">dung dịch Muối Biển&nbsp;</span></span><span style=\"margin: 0px; padding: 0px; font-weight: bold;\">đa năng</span><span style=\"margin: 0px; padding: 0px; vertical-align: inherit;\">&nbsp;gi&uacute;p kh&oacute;a&nbsp;</span><span style=\"margin: 0px; padding: 0px; font-weight: bold;\">thể t&iacute;ch</span><span style=\"margin: 0px; padding: 0px; vertical-align: inherit;\">&nbsp;, tăng cường&nbsp;</span><span style=\"margin: 0px; padding: 0px; font-weight: bold;\">kiểm so&aacute;t</span><span style=\"margin: 0px; padding: 0px; vertical-align: inherit;\"><span style=\"margin: 0px; padding: 0px; vertical-align: inherit;\">&nbsp;v&agrave; chăm s&oacute;c t&oacute;c của bạn với&nbsp;</span><span style=\"margin: 0px; padding: 0px; vertical-align: inherit;\">c&aacute;c th&agrave;nh phần&nbsp;</span></span><span style=\"margin: 0px; padding: 0px; font-weight: bold;\">bảo vệ nhiệt</span><span style=\"margin: 0px; padding: 0px; vertical-align: inherit;\">&nbsp;v&agrave;&nbsp;</span><span style=\"margin: 0px; padding: 0px; font-weight: bold;\">nu&ocirc;i dưỡng</span><span style=\"margin: 0px; padding: 0px; vertical-align: inherit;\">&nbsp;.</span></p>\r\n<p style=\"margin: 0px 0px 1em; padding: 0px; font-family: futura-pt, sans-serif; font-size: 16px; background-color: #ffffff;\"><span style=\"margin: 0px; padding: 0px; vertical-align: inherit;\">N&oacute; c&oacute; thể được sử dụng như một sản phẩm trước khi sấy kh&ocirc; (v&igrave; n&oacute; đi k&egrave;m với khả năng bảo vệ nhiệt l&ecirc;n đến 300C), hoặc để tạo ra những vẻ bề ngo&agrave;i v&ocirc; tư đ&oacute; (chỉ cần &aacute;p dụng v&agrave; l&agrave;m kh&ocirc; trong kh&ocirc;ng kh&iacute;).</span></p>\r\n<p style=\"margin: 0px 0px 1em; padding: 0px; font-family: futura-pt, sans-serif; font-size: 16px; background-color: #ffffff;\"><span style=\"margin: 0px; padding: 0px; vertical-align: inherit;\"><span style=\"margin: 0px; padding: 0px; vertical-align: inherit;\">N&oacute; c&oacute;&nbsp;</span><span style=\"margin: 0px; padding: 0px; vertical-align: inherit;\">đặc t&iacute;nh&nbsp;</span></span><span style=\"margin: 0px; padding: 0px; font-weight: bold;\">chống tĩnh điện</span><span style=\"margin: 0px; padding: 0px; vertical-align: inherit;\">&nbsp;ngăn ngừa l&ocirc;ng bay đi v&agrave; c&aacute;c th&agrave;nh phần nu&ocirc;i dưỡng ngăn ngừa sự t&iacute;ch tụ.</span></p>\r\n<p style=\"margin: 0px 0px 1em; padding: 0px; font-family: futura-pt, sans-serif; font-size: 16px; background-color: #ffffff;\">&nbsp;</p>\r\n<p style=\"margin: 0px 0px 1em; padding: 0px; font-family: futura-pt, sans-serif; font-size: 16px; background-color: #ffffff;\"><span style=\"margin: 0px; padding: 0px; vertical-align: inherit;\">150ml / 5,07 fl oz</span></p>\r\n<p style=\"margin: 0px 0px 1em; padding: 0px; font-family: futura-pt, sans-serif; font-size: 16px; background-color: #ffffff;\"><span style=\"margin: 0px; padding: 0px; font-weight: bold;\"><span style=\"margin: 0px; padding: 0px; vertical-align: inherit;\"><span style=\"margin: 0px; padding: 0px; vertical-align: inherit;\">Sản xuất tại Đan Mạch</span></span><br style=\"margin: 0px; padding: 0px;\" /></span></p>', b'1', 0, 1),
(13, 'By Vilain Jet Pack', 6469500, 0, '5f36193c52cd5p1.png', '<h2 style=\"margin: 0px 0px 10px; padding: 0px; font-weight: 400; font-size: 2em; line-height: 1.25em; font-family: futura-pt, sans-serif; background-color: #ffffff;\"><span style=\"margin: 0px; padding: 0px; font-weight: bold;\">By Vilain Jet Pack - Bộ Escapade Ho&agrave;n hảo.</span></h2>\r\n<p style=\"margin: 0px 0px 1em; padding: 0px; font-family: futura-pt, sans-serif; font-size: 16px; background-color: #ffffff;\"><span style=\"margin: 0px; padding: 0px; vertical-align: inherit;\"><span style=\"margin: 0px; padding: 0px; vertical-align: inherit;\">C&oacute; thể đ&oacute;ng g&oacute;i dễ d&agrave;ng, Jet Pack n&agrave;y cho ph&eacute;p bạn mang theo những thứ kh&ocirc;ng thể thiếu của m&igrave;nh chỉ trong nh&aacute;y mắt.&nbsp;</span><span style=\"margin: 0px; padding: 0px; vertical-align: inherit;\">Ho&agrave;n hảo để đi du lịch, kh&aacute;m ph&aacute; hoặc nghỉ dưỡng;&nbsp;</span><span style=\"margin: 0px; padding: 0px; vertical-align: inherit;\">chỉ lấy những g&igrave; bạn cần.</span></span><br style=\"margin: 0px; padding: 0px;\" /><span style=\"margin: 0px; padding: 0px; vertical-align: inherit;\">Vừa vặn ho&agrave;n hảo trong h&agrave;nh l&yacute; x&aacute;ch tay, ba l&ocirc; v&agrave; t&uacute;i vệ sinh của bạn.</span><br style=\"margin: 0px; padding: 0px;\" /><span style=\"margin: 0px; padding: 0px; vertical-align: inherit;\">Chứa một k&iacute;ch thước du lịch ByVilain prestyler, một ByVilain Wax v&agrave; một ByVilain Comb</span><br style=\"margin: 0px; padding: 0px;\" /><span style=\"margin: 0px; padding: 0px; vertical-align: inherit;\">_________________</span></p>\r\n<p style=\"margin: 0px 0px 1em; padding: 0px; font-family: futura-pt, sans-serif; font-size: 16px; background-color: #ffffff;\"><span style=\"margin: 0px; padding: 0px; font-weight: bold;\"><span style=\"margin: 0px; padding: 0px; text-decoration-line: underline;\"><span style=\"margin: 0px; padding: 0px; vertical-align: inherit;\">Prestyling</span></span></span></p>\r\n<p style=\"margin: 0px 0px 1em; padding: 0px; font-family: futura-pt, sans-serif; font-size: 16px; background-color: #ffffff;\"><span style=\"margin: 0px; padding: 0px; vertical-align: inherit;\">Chọn giữa:</span><br style=\"margin: 0px; padding: 0px;\" /><span style=\"margin: 0px; padding: 0px; font-weight: bold;\"><br style=\"margin: 0px; padding: 0px;\" /><span style=\"margin: 0px; padding: 0px;\"><span style=\"margin: 0px; padding: 0px; vertical-align: inherit;\"><span style=\"margin: 0px; padding: 0px; vertical-align: inherit;\">☆</span></span></span><span style=\"margin: 0px; padding: 0px; vertical-align: inherit;\"><span style=\"margin: 0px; padding: 0px; vertical-align: inherit;\">&nbsp;K&iacute;ch thước du lịch By Vilain Sidekick</span></span></span><span style=\"margin: 0px; padding: 0px; vertical-align: inherit;\">&nbsp;(2,53 fl. Oz./ 75 ml)</span><br style=\"margin: 0px; padding: 0px;\" /><span style=\"margin: 0px; padding: 0px; font-weight: bold;\"><span style=\"margin: 0px; padding: 0px;\"><span style=\"margin: 0px; padding: 0px; vertical-align: inherit;\"><span style=\"margin: 0px; padding: 0px; vertical-align: inherit;\">☆</span></span></span><span style=\"margin: 0px; padding: 0px; vertical-align: inherit;\"><span style=\"margin: 0px; padding: 0px; vertical-align: inherit;\">&nbsp;By Vilain NEON bọt muối biển</span></span></span><span style=\"margin: 0px; padding: 0px; vertical-align: inherit;\"><span style=\"margin: 0px; padding: 0px; vertical-align: inherit;\">&nbsp;(50ml /&nbsp;</span><span style=\"margin: 0px; padding: 0px; font-weight: bold;\"><span style=\"margin: 0px; padding: 0px; vertical-align: inherit;\">1.69 oz</span></span><span style=\"margin: 0px; padding: 0px; vertical-align: inherit;\">&nbsp;)</span></span><br style=\"margin: 0px; padding: 0px;\" /><span style=\"margin: 0px; padding: 0px; font-weight: bold;\"><span style=\"margin: 0px; padding: 0px;\"><span style=\"margin: 0px; padding: 0px; vertical-align: inherit;\"><span style=\"margin: 0px; padding: 0px; vertical-align: inherit;\">☆</span></span></span><span style=\"margin: 0px; padding: 0px; vertical-align: inherit;\"><span style=\"margin: 0px; padding: 0px; vertical-align: inherit;\">&nbsp;K&iacute;ch thước du lịch By VilainSidekick Zero</span></span></span><span style=\"margin: 0px; padding: 0px; vertical-align: inherit;\">&nbsp;(2,53 fl. Oz./75 ml)</span></p>\r\n<p style=\"margin: 0px 0px 1em; padding: 0px; font-family: futura-pt, sans-serif; font-size: 16px; background-color: #ffffff;\"><span style=\"margin: 0px; padding: 0px; font-weight: bold;\"><span style=\"margin: 0px; padding: 0px; text-decoration-line: underline;\"><span style=\"margin: 0px; padding: 0px; vertical-align: inherit;\">S&aacute;p tạo kiểu</span></span></span></p>\r\n<p style=\"margin: 0px 0px 1em; padding: 0px; font-family: futura-pt, sans-serif; font-size: 16px; background-color: #ffffff;\"><span style=\"margin: 0px; padding: 0px; font-weight: bold;\"><span style=\"margin: 0px; padding: 0px;\"><span style=\"margin: 0px; padding: 0px; vertical-align: inherit;\"><span style=\"margin: 0px; padding: 0px; vertical-align: inherit;\">☆</span></span></span><span style=\"margin: 0px; padding: 0px; vertical-align: inherit;\"><span style=\"margin: 0px; padding: 0px; vertical-align: inherit;\">&nbsp;By Vilain Wax / Pomade</span></span></span><span style=\"margin: 0px; padding: 0px; vertical-align: inherit;\">&nbsp;(2.2 fl. Oz./15 ml) l&agrave; loại s&aacute;p / pomade t&oacute;c chuy&ecirc;n nghiệp, hiệu suất cao.</span></p>\r\n<p style=\"margin: 0px 0px 1em; padding: 0px; font-family: futura-pt, sans-serif; font-size: 16px; background-color: #ffffff;\"><span style=\"margin: 0px; padding: 0px; text-decoration-line: underline;\"><span style=\"margin: 0px; padding: 0px; font-weight: bold;\">C&ocirc;ng cụ</span></span></p>\r\n<p style=\"margin: 0px 0px 1em; padding: 0px; font-family: futura-pt, sans-serif; font-size: 16px; background-color: #ffffff;\"><span style=\"margin: 0px; padding: 0px; font-weight: bold;\">☆&nbsp;</span><span style=\"margin: 0px; padding: 0px; font-weight: bold;\">By Vilain Skeleton Brush&nbsp;</span><span style=\"margin: 0px; padding: 0px; font-weight: bold;\">☆&nbsp;</span><span style=\"margin: 0px; padding: 0px; font-weight: bold;\">By Vilain Comb&nbsp;</span><span style=\"margin: 0px; padding: 0px; font-weight: bold;\">☆&nbsp;</span><span style=\"margin: 0px; padding: 0px; font-weight: bold;\">By Vilain XL Co</span><span style=\"margin: 0px; padding: 0px; vertical-align: inherit;\">&nbsp;mb&nbsp;</span><span style=\"margin: 0px; padding: 0px; font-weight: bold;\">☆ By Vilain Giant Comb&nbsp;</span><span style=\"margin: 0px; padding: 0px; font-weight: bold;\">☆&nbsp;</span><span style=\"margin: 0px; padding: 0px; font-weight: bold;\">By Vilain 9 Row Brush&nbsp;</span><span style=\"margin: 0px; padding: 0px; font-weight: bold;\">☆&nbsp;</span><span style=\"margin: 0px; padding: 0px; font-weight: bold;\"><span style=\"margin: 0px; padding: 0px; vertical-align: inherit;\"><span style=\"margin: 0px; padding: 0px; vertical-align: inherit;\">By Vilain Cut Comb&nbsp;</span></span><br style=\"margin: 0px; padding: 0px;\" /><br style=\"margin: 0px; padding: 0px;\" /><span style=\"margin: 0px; padding: 0px; vertical-align: inherit;\"><span style=\"margin: 0px; padding: 0px; vertical-align: inherit;\">_____</span></span></span></p>', b'1', 1, 5),
(14, 'Shear Revival - Xịt tạo kết cấu AMITY', 486675, 0.05, '5f361a6d618ebp1.png', '<p style=\"margin: 0px 0px 10px; padding: 0px; font-weight: 400; font-size: 2em; line-height: 1.25em; font-family: futura-pt, sans-serif; background-color: #ffffff;\"><span style=\"margin: 0px; padding: 0px;\"><span style=\"margin: 0px; padding: 0px; font-weight: bold;\"><span style=\"margin: 0px; padding: 0px; vertical-align: inherit;\"><span style=\"margin: 0px; padding: 0px; vertical-align: inherit;\">Amity</span></span></span><span style=\"margin: 0px; padding: 0px; vertical-align: inherit;\"><span style=\"margin: 0px; padding: 0px; vertical-align: inherit;\">&nbsp;l&agrave; một loại muối biển mới h&agrave;ng ng&agrave;y.</span></span></span></p>\r\n<p style=\"margin: 0px 0px 1em; padding: 0px; font-size: 16px;\"><span style=\"margin: 0px; padding: 0px;\">Sử dụng sự kết hợp của muối biển từ Đại T&acirc;y Dương v&agrave; đất s&eacute;t cao lanh của &Uacute;c, xịt kho&aacute;ng Amity bổ sung th&ecirc;m nhiều kết cấu, khối lượng v&agrave; cấu tr&uacute;c cho vẻ ngo&agrave;i của bạn.&nbsp;</span><span style=\"margin: 0px; padding: 0px; vertical-align: inherit;\">Sử dụng nước &eacute;p l&aacute; l&ocirc; hội &amp; c&acirc;y phỉ l&agrave;m chất bảo quản cơ bản của ch&uacute;ng t&ocirc;i kh&ocirc;ng chỉ gi&uacute;p t&oacute;c v&agrave; da đầu của bạn lu&ocirc;n đủ nước, m&agrave; c&acirc;y phỉ c&ograve;n hỗ trợ th&uacute;c đẩy sự ph&aacute;t triển t&oacute;c khỏe mạnh v&agrave; l&agrave;m chậm qu&aacute; tr&igrave;nh rụng t&oacute;c!</span></p>\r\n<p style=\"margin: 0px 0px 1em; padding: 0px; font-size: 16px;\"><span style=\"margin: 0px; padding: 0px; vertical-align: inherit;\">-&nbsp;</span><span style=\"margin: 0px; padding: 0px; font-weight: bold;\">kết th&uacute;c mờ</span></p>\r\n<p style=\"margin: 0px 0px 1em; padding: 0px; font-size: 16px;\"><span style=\"margin: 0px; padding: 0px; font-weight: bold;\">- giữ nhẹ</span></p>\r\n<p style=\"margin: 0px 0px 1em; padding: 0px; font-size: 16px;\"><span style=\"margin: 0px; padding: 0px; font-weight: bold;\">- T&agrave;n &aacute;c miễn ph&iacute;</span></p>\r\n<p style=\"margin: 0px; padding: 0px; font-size: 16px;\"><span style=\"margin: 0px; padding: 0px; font-family: \'arial black\', \'avant garde\';\"><span style=\"margin: 0px; padding: 0px; font-weight: bold;\"><span style=\"margin: 0px; padding: 0px; vertical-align: inherit;\"><span style=\"margin: 0px; padding: 0px; vertical-align: inherit;\">Th&agrave;nh phần ch&iacute;nh</span></span></span><span style=\"margin: 0px; padding: 0px; vertical-align: inherit;\"><span style=\"margin: 0px; padding: 0px; vertical-align: inherit;\">&nbsp;:</span></span></span></p>\r\n<p style=\"margin: 0px 0px 1em; padding: 0px; font-size: 16px;\">&nbsp;</p>\r\n<ul style=\"margin: 0px; padding: 0px; list-style: none; font-size: 16px;\">\r\n<li style=\"margin: 0px; padding: 0px;\">\r\n<p><span style=\"margin: 0px; padding: 0px; vertical-align: inherit;\">L&ocirc; hội: Ngăn ngừa g&agrave;u cho da đầu</span></p>\r\n</li>\r\n<li style=\"margin: 0px; padding: 0px;\">\r\n<p><span style=\"margin: 0px; padding: 0px; vertical-align: inherit;\">Dầu Marula: Chất bảo vệ chống tia cực t&iacute;m &amp; đặc t&iacute;nh t&aacute;i tạo tế b&agrave;o để ph&aacute;t triển khỏe mạnh.</span></p>\r\n</li>\r\n<li style=\"margin: 0px; padding: 0px;\">\r\n<p><span style=\"margin: 0px; padding: 0px; vertical-align: inherit;\">Chiết xuất tre: Cung cấp sức mạnh v&agrave; độ đ&agrave;n hồi cho c&aacute;c nang t&oacute;c của bạn.</span></p>\r\n</li>\r\n</ul>', b'1', 8, 5),
(15, 'Dầu dưỡng tóc Blumaan Cloud Control', 533000, 0.17, '5f3625e9837d0p1.png', '<p style=\"margin: 0px 0px 1em; padding: 0px; font-family: futura-pt, sans-serif; font-size: 16px; background-color: #ffffff;\"><span style=\"margin: 0px; padding: 0px; vertical-align: inherit;\"><span style=\"margin: 0px; padding: 0px; vertical-align: inherit;\">BluMaan\'s Cloud Control Hair Oil c&oacute; sự pha trộn độc đ&aacute;o của 12 loại dầu tự nhi&ecirc;n v&agrave; chiết xuất thực vật.&nbsp;</span><span style=\"margin: 0px; padding: 0px; vertical-align: inherit;\">Cloud Control sẽ gi&uacute;p biến đổi m&aacute;i t&oacute;c kh&ocirc;, th&ocirc; v&agrave; kh&ocirc;ng v&agrave;o nếp th&agrave;nh t&oacute;c mềm mại v&agrave; dễ quản l&yacute; hơn đ&aacute;ng kể, đồng thời cắt t&oacute;c xoăn cứng v&agrave; bồng bềnh.</span></span></p>\r\n<p style=\"margin: 0px 0px 1em; padding: 0px; font-family: futura-pt, sans-serif; font-size: 16px; background-color: #ffffff;\"><span style=\"margin: 0px; padding: 0px; vertical-align: inherit;\"><span style=\"margin: 0px; padding: 0px; vertical-align: inherit;\">Th&agrave;nh phần:&nbsp;</span></span>Dầu hạt Helianthus Annuus (Hướng dương), Dầu hạt Sesamum Indicum (M&egrave;), Dầu Cocos Nucifera (Dừa), Dầu tr&aacute;i c&acirc;y Olea Europaea (&Ocirc; liu), Chiết xuất vỏ Citrus Limon (Chanh), Dầu tr&aacute;i c&acirc;y Citrus Aurantium Bergamia (Cam Bergamot), Linalyl Acetate , Cinnamomum Camphora (Long n&atilde;o) Bark Oil, Lavandula Hybrida Oil, Lavandula Angustifolia (Lavender) Oil, Rosmarinus Officinalis (Rosemary) Leaf Oil, Arnica Montana Flower Extract</p>\r\n<p style=\"margin: 0px 0px 1em; padding: 0px; font-family: futura-pt, sans-serif; font-size: 16px; background-color: #ffffff;\"><span style=\"margin: 0px; padding: 0px; vertical-align: inherit;\">K&iacute;ch thước: 2 oz / 60 ml</span></p>\r\n<p style=\"margin: 0px 0px 1em; padding: 0px; font-family: futura-pt, sans-serif; font-size: 16px; background-color: #ffffff;\"><span style=\"margin: 0px; padding: 0px; vertical-align: inherit;\"><span style=\"margin: 0px; padding: 0px; vertical-align: inherit;\">Nhỏ 2-4 giọt (hoặc một lượng cỡ hạt đậu) l&ecirc;n t&oacute;c ẩm, sạch v&agrave; tạo kiểu như b&igrave;nh thường.&nbsp;</span><span style=\"margin: 0px; padding: 0px; vertical-align: inherit;\">Để c&oacute; hiệu quả dưỡng s&acirc;u hơn, h&atilde;y thoa một lượng vừa đủ trong 1-3 giờ, sau đ&oacute; gội sạch bằng dầu gội.</span></span></p>', b'1', 1, 6),
(16, 'Morris Motley - Dầu gội dưỡng tóc bằng đất sét', 329000, 0.19, '5f3626ed125aep1.png', '<p><span style=\"margin: 0px; padding: 0px; vertical-align: inherit;\">XỬ L&Yacute; BỌT MỎNG KHO&Aacute;NG ĐỂ L&Agrave;M SẠCH V&Agrave; ĐIỀU H&Ograve;A.</span><br style=\"margin: 0px; padding: 0px;\" /><span style=\"margin: 0px; padding: 0px; vertical-align: inherit;\">C&ocirc;ng thức đặc biệt.</span><br style=\"margin: 0px; padding: 0px;\" /><span style=\"margin: 0px; padding: 0px; vertical-align: inherit;\">Thực vật c&oacute; nguồn gốc tự nhi&ecirc;n.</span><br style=\"margin: 0px; padding: 0px;\" /><span style=\"margin: 0px; padding: 0px; vertical-align: inherit;\">Chiết xuất để hydrat h&oacute;a v&agrave; giải độc</span><br style=\"margin: 0px; padding: 0px;\" /><span style=\"margin: 0px; padding: 0px; vertical-align: inherit;\">___</span><br style=\"margin: 0px; padding: 0px;\" /><br style=\"margin: 0px; padding: 0px;\" /><span style=\"margin: 0px; padding: 0px; vertical-align: inherit;\">Được ph&aacute;t triển ở Melbourne.</span><br style=\"margin: 0px; padding: 0px;\" /><span style=\"margin: 0px; padding: 0px; vertical-align: inherit;\">Sản xuất tại &Uacute;c.</span><br style=\"margin: 0px; padding: 0px;\" /><span style=\"margin: 0px; padding: 0px; vertical-align: inherit;\">400ml / 13,6 oz</span><br style=\"margin: 0px; padding: 0px;\" /><span style=\"margin: 0px; padding: 0px; vertical-align: inherit;\">Được chứng nhận thuần chay &amp; kh&ocirc;ng độc hại</span></p>\r\n<p><span style=\"margin: 0px; padding: 0px; vertical-align: inherit;\">Th&agrave;nh phần:&nbsp;</span><span style=\"background-color: #ffffff; font-family: futura-pt, sans-serif; font-size: 16px;\">SANTALUM SPICATUM WOOD (SANDALWOOD) WATER, GANODERMA LUCIDUM (REISHI) WATER, DECYL GLUCOSIDE, COCAMIDOPROPYL BETAINE, POLYQUATERNIUM-6, MAGNESIUM ALUMINUM SILICATE, DECYL GLUCOSIDE, COCAMIDOPROPYL BETAine CHIẾT XUẤT DIOXIDE, POLYGONUM MULTIFLORUM ADVENTITIOUS (HE SHOU WU), CHIẾT XUẤT CAMELLIA SINENSIS (GREEN TEA), SCHISANDRA CHINENSIS (WU WEI ZIN) CHIẾT XUẤT TR&Aacute;I C&Acirc;Y, CHIẾT XUẤT TR&Aacute;I C&Acirc;Y BẰNG MẠNG (ALHWAGANDA), CHIẾT XUẤT MẠNG CỔ PHI (MẠNG CỔ PHI) CHIẾT XUẤT TR&Aacute;I C&Acirc;Y, BACOPA MONNIERI (BRAHMI), TERMINALIA FERDINANDIANA (KAKADU PLUM) CHIẾT XUẤT TR&Aacute;I C&Acirc;Y, CHIẾT XUẤT TR&Aacute;I C&Acirc;Y SANTALUM ACUMINATUM (QUANDONG), CITRIC ACID, CITRUS GLAUCA (NEEM LIME) TR&Aacute;I C&Acirc;Y, CITOLTA INDRA, PHENOXYET , EUGENOL, GERANIOL, LIMONENE, LINALOOL</span></p>\r\n<p><span style=\"background-color: #ffffff; font-family: futura-pt, sans-serif; font-size: 16px;\">HƯỚNG DẪN SỬ DỤNG:&nbsp;</span><span style=\"background-color: #ffffff; font-family: futura-pt, sans-serif; font-size: 16px;\">MASSAGE V&Agrave;O T&Oacute;C V&Agrave; KHOẢNG C&Aacute;CH, T&Aacute;I TẠO NGAY LẠI V&Agrave; LẶP LẠI.</span></p>\r\n<p>&nbsp;</p>', b'1', 9, 6),
(17, 'SHEH • VOO - Dầu gội đất sét đen', 215000, 0.05, '5f3627e273865p1.png', '<p style=\"margin: 0px 0px 1em; padding: 0px; font-family: futura-pt, sans-serif; font-size: 16px; background-color: #ffffff;\"><span style=\"margin: 0px; padding: 0px; vertical-align: inherit;\">Dầu gội đất s&eacute;t đen của (SHEH &bull; VOO) l&agrave; chất tẩy rửa hiệu quả cao được thiết kế để củng cố v&agrave; nu&ocirc;i dưỡng t&oacute;c yếu.</span><br style=\"margin: 0px; padding: 0px;\" /><span style=\"margin: 0px; padding: 0px; vertical-align: inherit;\">C&ocirc;ng thức độc đ&aacute;o n&agrave;y sẽ cung cấp cho t&oacute;c của bạn c&aacute;c th&agrave;nh phần hiệu quả cao để gi&uacute;p t&oacute;c bạn d&agrave;y, đầy đặn v&agrave; mượt m&agrave; hơn r&otilde; rệt.</span></p>\r\n<p style=\"margin: 0px 0px 1em; padding: 0px; font-family: futura-pt, sans-serif; font-size: 16px; background-color: #ffffff;\"><span style=\"margin: 0px; padding: 0px; vertical-align: inherit;\"><span style=\"margin: 0px; padding: 0px; vertical-align: inherit;\">Với việc sử dụng thường xuy&ecirc;n, m&aacute;i t&oacute;c của bạn sẽ được hồi sinh &amp; khử độc với sự pha trộn sang trọng của đất s&eacute;t đen v&agrave; than.&nbsp;</span><span style=\"margin: 0px; padding: 0px; vertical-align: inherit;\">Được truyền c&aacute;c đặc t&iacute;nh tăng cường dưỡng chất cho t&oacute;c, biotin v&agrave; l&ocirc; hội của ch&uacute;ng t&ocirc;i hoạt động h&agrave;i h&ograve;a để th&uacute;c đẩy m&aacute;i t&oacute;c chắc khỏe v&agrave; được nu&ocirc;i dưỡng tốt.</span></span><br style=\"margin: 0px; padding: 0px;\" /><br style=\"margin: 0px; padding: 0px;\" /><span style=\"margin: 0px; padding: 0px; vertical-align: inherit;\">250ML / 8,5 fl oz</span><br style=\"margin: 0px; padding: 0px;\" /><br style=\"margin: 0px; padding: 0px;\" /><span style=\"margin: 0px; padding: 0px; vertical-align: inherit;\"><span style=\"margin: 0px; padding: 0px; vertical-align: inherit;\">C&ocirc;ng thức kh&ocirc;ng chứa Sulfat hoặc Parabens |&nbsp;</span><span style=\"margin: 0px; padding: 0px; vertical-align: inherit;\">T&agrave;n nhẫn-Miễn ph&iacute; |&nbsp;</span><span style=\"margin: 0px; padding: 0px; vertical-align: inherit;\">Sản xuất tại Mỹ</span></span></p>\r\n<p style=\"margin: 0px 0px 1em; padding: 0px; font-family: futura-pt, sans-serif; font-size: 16px; background-color: #ffffff;\"><span style=\"margin: 0px; padding: 0px; vertical-align: inherit;\"><span style=\"margin: 0px; padding: 0px; vertical-align: inherit;\"><span style=\"margin: 0px; padding: 0px; vertical-align: inherit;\"><span style=\"margin: 0px; padding: 0px; vertical-align: inherit;\">Th&agrave;nh phần ch&iacute;nh:</span></span><br style=\"margin: 0px; padding: 0px;\" /><span style=\"margin: 0px; padding: 0px; vertical-align: inherit;\"><span style=\"margin: 0px; padding: 0px; vertical-align: inherit;\">Đất s&eacute;t đen, Than củi, Dưa chuột, Nha đam, Biotin, Pro-Vitamin B5, Glycerin</span></span></span></span></p>', b'1', 3, 6),
(18, 'By Vilain Rush Conditioner', 329000, 0.19, '5f3628a51238dp1.png', '<p style=\"margin: 0px 0px 1em; padding: 0px; font-family: futura-pt, sans-serif; font-size: 16px; background-color: #ffffff;\"><span style=\"margin: 0px; padding: 0px;\"><span style=\"margin: 0px; padding: 0px; vertical-align: inherit;\"><span style=\"margin: 0px; padding: 0px; vertical-align: inherit;\">By Vilain Rush Conditioner (6,76 fl oz / 200 ml) gi&uacute;p biến đổi m&aacute;i t&oacute;c kh&ocirc;, yếu hoặc hư tổn với c&ocirc;ng thức được ph&aacute;t triển đặc biệt c&oacute; t&aacute;c dụng bổ sung độ ẩm v&agrave; kh&oacute;a ẩm cho t&oacute;c.&nbsp;</span><span style=\"margin: 0px; padding: 0px; vertical-align: inherit;\">Kết cấu dạng kem, nhẹ của n&oacute; gi&uacute;p củng cố c&aacute;c sợi t&oacute;c từ gốc đến ngọn v&agrave; phục hồi vẻ rạng rỡ để lại cho bạn một bờm mềm mượt được nu&ocirc;i dưỡng s&acirc;u.</span></span></span><br style=\"margin: 0px; padding: 0px;\" />Th&agrave;nh phần: Aqua Cetearyl Alcohol Glycerin Behenamidopropyl Dimethylamine Mentha Arvensis Leaf Oil Rosa Damascena Flower Water Anthemis Nobilis Flower Water Rosa Canina Fruit Extract Salvia officinalis Water Rosmarinus Officinalis Leaf Water Persea Gratissima Oil Propylene Glycol Menthol Hydrolyzed Wheat Protein Hippoponenefhamnoides Acid chiết xuất từ ​​tr&aacute;i c&acirc;y Kali Sorbate Phenoxyethanol Axit benzoic Axit dehydroacetic CI 47005 CI 42090 CI 17200</p>\r\n<ul style=\"margin: 0px; padding: 0px; list-style: none; font-family: futura-pt, sans-serif; font-size: 16px; background-color: #ffffff;\">\r\n<li style=\"margin: 0px 0px 0px 20px; padding: 2px 0px; list-style: disc;\"><span style=\"margin: 0px; padding: 0px;\">Dầu bơ</span></li>\r\n<li style=\"margin: 0px 0px 0px 20px; padding: 2px 0px; list-style: disc;\"><span style=\"margin: 0px; padding: 0px;\">Dầu Mentha Arvensis</span></li>\r\n<li style=\"margin: 0px 0px 0px 20px; padding: 2px 0px; list-style: disc;\"><span style=\"margin: 0px; padding: 0px;\">Sản xuất tại Đan Mạch<br /></span></li>\r\n</ul>', b'1', 5, 6);
INSERT INTO `products` (`id`, `name`, `price`, `sale`, `images`, `description`, `status`, `views`, `id_category`) VALUES
(19, 'The Salon Guy - Dầu gội đầu', 239000, 0.19, '5f36296c819c9p1.png', '<p style=\"margin: 0px 0px 1em; padding: 0px; font-family: futura-pt, sans-serif; font-size: 16px; background-color: #ffffff;\"><span style=\"margin: 0px; padding: 0px; vertical-align: inherit;\"><span style=\"margin: 0px; padding: 0px; vertical-align: inherit;\">Salon Guy VOLUME Shampoo l&agrave; loại dầu gội tạo bọt kh&ocirc;ng chứa silicon sẽ l&agrave;m sạch s&acirc;u v&agrave; nu&ocirc;i dưỡng da đầu của bạn với c&ocirc;ng thức thuần chay, kh&ocirc;ng chứa sulphat v&agrave; kh&ocirc;ng chứa paraben.&nbsp;</span><span style=\"margin: 0px; padding: 0px; vertical-align: inherit;\">Dầu gội đầu chất lượng cao n&agrave;y đ&atilde; được nh&oacute;m Slikhaarshop chấp thuận v&agrave; l&agrave; một phần của c&aacute;c sản phẩm được chọn lọc thủ c&ocirc;ng m&agrave; ch&uacute;ng t&ocirc;i đ&atilde; chọn cho bạn.</span></span></p>\r\n<ul style=\"margin: 0px; padding: 0px; list-style: none; font-family: futura-pt, sans-serif; font-size: 16px; background-color: #ffffff;\">\r\n<li style=\"margin: 0px 0px 0px 20px; padding: 2px 0px; list-style: disc;\"><span style=\"margin: 0px; padding: 0px; vertical-align: inherit;\">Silicon miễn ph&iacute;&nbsp;</span></li>\r\n<li style=\"margin: 0px 0px 0px 20px; padding: 2px 0px; list-style: disc;\"><span style=\"margin: 0px; padding: 0px; vertical-align: inherit;\">100% c&ocirc;ng thức thuần chay</span></li>\r\n<li style=\"margin: 0px 0px 0px 20px; padding: 2px 0px; list-style: disc;\"><span style=\"margin: 0px; padding: 0px; vertical-align: inherit;\">Th&agrave;nh phần hữu cơ</span></li>\r\n<li style=\"margin: 0px 0px 0px 20px; padding: 2px 0px; list-style: disc;\"><span style=\"margin: 0px; padding: 0px; vertical-align: inherit;\">C&ocirc;ng thức thuần chay</span></li>\r\n<li style=\"margin: 0px 0px 0px 20px; padding: 2px 0px; list-style: disc;\"><span style=\"margin: 0px; padding: 0px; vertical-align: inherit;\">T&agrave;n &aacute;c miễn ph&iacute;</span></li>\r\n<li style=\"margin: 0px 0px 0px 20px; padding: 2px 0px; list-style: disc;\"><span style=\"margin: 0px; padding: 0px; vertical-align: inherit;\">Sulphate miễn ph&iacute;</span></li>\r\n<li style=\"margin: 0px 0px 0px 20px; padding: 2px 0px; list-style: disc;\"><span style=\"margin: 0px; padding: 0px; vertical-align: inherit;\">Kh&ocirc;ng chứa paraben</span></li>\r\n<li style=\"margin: 0px 0px 0px 20px; padding: 2px 0px; list-style: disc;\"><span style=\"margin: 0px; padding: 0px; vertical-align: inherit;\">Kh&ocirc;ng chứa gluten</span></li>\r\n</ul>\r\n<p><span style=\"margin: 0px; padding: 0px; vertical-align: inherit;\">Th&agrave;nh phần:&nbsp;</span><span style=\"font-family: futura-pt, sans-serif; font-size: 16px; margin: 0px; padding: 0px;\">Aqua, Sodium Methyl&nbsp;&nbsp;</span><span style=\"font-family: futura-pt, sans-serif; font-size: 16px; margin: 0px; padding: 0px;\">cocoyl&nbsp;</span><span style=\"font-family: futura-pt, sans-serif; font-size: 16px; margin: 0px; padding: 0px; vertical-align: inherit;\"><span style=\"margin: 0px; padding: 0px;\"><span style=\"margin: 0px; padding: 0px; vertical-align: inherit;\">Taurat&nbsp;</span></span><span style=\"margin: 0px; padding: 0px;\"><span style=\"margin: 0px; padding: 0px; vertical-align: inherit;\">,&nbsp;&nbsp;</span></span><span style=\"margin: 0px; padding: 0px;\"><span style=\"margin: 0px; padding: 0px; vertical-align: inherit;\">cocamitopropyl&nbsp;</span></span><span style=\"margin: 0px; padding: 0px;\"><span style=\"margin: 0px; padding: 0px; vertical-align: inherit;\">&nbsp;betain, Polyquaternium 7, Sodium Lauroamphoacetate, Glycerin, Polyquaternium-10, Kali Sorbate, Coco-Glucoside, Glyceryl oleate,&nbsp;&nbsp;</span></span><span style=\"margin: 0px; padding: 0px;\"><span style=\"margin: 0px; padding: 0px; vertical-align: inherit;\">Propenediol&nbsp;</span></span><span style=\"margin: 0px; padding: 0px;\"><span style=\"margin: 0px; padding: 0px; vertical-align: inherit;\">, Hydrolyzed Jojoba Este, Phenoxyethanol,&nbsp;&nbsp;</span></span><span style=\"margin: 0px; padding: 0px;\"><span style=\"margin: 0px; padding: 0px; vertical-align: inherit;\">Ethylhexylglycerin&nbsp;</span></span><span style=\"margin: 0px; padding: 0px;\"><span style=\"margin: 0px; padding: 0px; vertical-align: inherit;\">,&nbsp;&nbsp;</span></span><span style=\"margin: 0px; padding: 0px; font-weight: bold;\"><span style=\"margin: 0px; padding: 0px; vertical-align: inherit;\">Hydrolyzed Rice Protein&nbsp;</span></span><span style=\"margin: 0px; padding: 0px;\"><span style=\"margin: 0px; padding: 0px; vertical-align: inherit;\">, Panax Ginseng gốc Extract&nbsp;</span></span><span style=\"margin: 0px; padding: 0px;\"><span style=\"margin: 0px; padding: 0px; vertical-align: inherit;\">*&nbsp;</span></span><span style=\"margin: 0px; padding: 0px;\"><span style=\"margin: 0px; padding: 0px; vertical-align: inherit;\">,&nbsp;&nbsp;</span></span><span style=\"margin: 0px; padding: 0px;\"><span style=\"margin: 0px; padding: 0px; vertical-align: inherit;\">Chiết xuất&nbsp;</span></span><span style=\"margin: 0px; padding: 0px;\"><span style=\"margin: 0px; padding: 0px; vertical-align: inherit;\">Urtica&nbsp;</span></span><span style=\"margin: 0px; padding: 0px;\"><span style=\"margin: 0px; padding: 0px; vertical-align: inherit;\">Dioica&nbsp;</span></span><span style=\"margin: 0px; padding: 0px;\"><span style=\"margin: 0px; padding: 0px; vertical-align: inherit;\">(&nbsp;</span></span><span style=\"margin: 0px; padding: 0px;\"><span style=\"margin: 0px; padding: 0px; vertical-align: inherit;\">Tầm ma&nbsp;</span></span><span style=\"margin: 0px; padding: 0px;\"><span style=\"margin: 0px; padding: 0px; vertical-align: inherit;\">)&nbsp;</span></span><span style=\"margin: 0px; padding: 0px;\"><span style=\"margin: 0px; padding: 0px; vertical-align: inherit;\">*&nbsp;</span></span><span style=\"margin: 0px; padding: 0px;\"><span style=\"margin: 0px; padding: 0px; vertical-align: inherit;\">,&nbsp;&nbsp;</span></span><span style=\"margin: 0px; padding: 0px;\"><span style=\"margin: 0px; padding: 0px; vertical-align: inherit;\">Chiết xuất&nbsp;</span></span><span style=\"margin: 0px; padding: 0px;\"><span style=\"margin: 0px; padding: 0px; vertical-align: inherit;\">&nbsp;l&aacute;&nbsp;</span></span><span style=\"margin: 0px; padding: 0px;\"><span style=\"margin: 0px; padding: 0px; vertical-align: inherit;\">Telopea&nbsp;</span></span><span style=\"margin: 0px; padding: 0px;\"><span style=\"margin: 0px; padding: 0px; vertical-align: inherit;\">Speciosissima&nbsp;</span></span><span style=\"margin: 0px; padding: 0px;\"><span style=\"margin: 0px; padding: 0px; vertical-align: inherit;\">(Waratah)&nbsp;</span></span><span style=\"margin: 0px; padding: 0px;\"><span style=\"margin: 0px; padding: 0px; vertical-align: inherit;\">*&nbsp;</span></span><span style=\"margin: 0px; padding: 0px;\"><span style=\"margin: 0px; padding: 0px; vertical-align: inherit;\">, Natri clorua, Axit xitric</span></span></span><span style=\"font-family: futura-pt, sans-serif; font-size: 16px; margin: 0px; padding: 0px;\">&nbsp;</span><span style=\"font-family: futura-pt, sans-serif; font-size: 16px; margin: 0px; padding: 0px;\">&nbsp;</span><span style=\"font-family: futura-pt, sans-serif; font-size: 16px; margin: 0px; padding: 0px;\">&nbsp;</span></p>\r\n<p><span style=\"margin: 0px; padding: 0px; vertical-align: inherit;\"><span style=\"background-color: #ffffff; font-family: futura-pt, sans-serif; font-size: 16px;\">* Th&agrave;nh phần hữu cơ được chứng nhận</span></span></p>', b'1', 14, 6),
(20, 'The Salon Guy - Dầu gội Protein Quinoa PURE', 125000, 0.28, '5f362a2c23011p1.png', '<p style=\"margin: 0px 0px 1em; padding: 0px; font-family: futura-pt, sans-serif; font-size: 16px; background-color: #ffffff;\"><span style=\"margin: 0px; padding: 0px; vertical-align: inherit;\"><span style=\"margin: 0px; padding: 0px; vertical-align: inherit;\">Salon Guy PURE Quinoa Protein Shampoo with Peppermint &amp; Menthol sẽ l&agrave;m sạch s&acirc;u v&agrave; l&agrave;m mới da đầu của bạn với c&ocirc;ng thức chống vi khuẩn v&agrave; chống vi&ecirc;m đặc biệt.&nbsp;</span><span style=\"margin: 0px; padding: 0px; vertical-align: inherit;\">Dầu gội đầu chất lượng cao n&agrave;y đ&atilde; được nh&oacute;m Slikhaarshop chấp thuận v&agrave; l&agrave; một phần của c&aacute;c sản phẩm được chọn lọc thủ c&ocirc;ng m&agrave; ch&uacute;ng t&ocirc;i đ&atilde; chọn cho bạn.</span></span></p>\r\n<ul style=\"margin: 0px; padding: 0px; list-style: none; font-family: futura-pt, sans-serif; font-size: 16px; background-color: #ffffff;\">\r\n<li style=\"margin: 0px 0px 0px 20px; padding: 2px 0px; list-style: disc;\"><span style=\"margin: 0px; padding: 0px; vertical-align: inherit;\">Chặn DHT &amp; Chống rụng t&oacute;c</span></li>\r\n<li style=\"margin: 0px 0px 0px 20px; padding: 2px 0px; list-style: disc;\"><span style=\"margin: 0px; padding: 0px; vertical-align: inherit;\">Th&uacute;c đẩy mọc t&oacute;c d&agrave;y hơn</span></li>\r\n<li style=\"margin: 0px 0px 0px 20px; padding: 2px 0px; list-style: disc;\"><span style=\"margin: 0px; padding: 0px; vertical-align: inherit;\">L&agrave;m dịu &amp; dưỡng ẩm da đầu kh&ocirc;</span></li>\r\n<li style=\"margin: 0px 0px 0px 20px; padding: 2px 0px; list-style: disc;\"><span style=\"margin: 0px; padding: 0px; vertical-align: inherit;\">C&ocirc;ng thức thuần chay</span></li>\r\n<li style=\"margin: 0px 0px 0px 20px; padding: 2px 0px; list-style: disc;\"><span style=\"margin: 0px; padding: 0px; vertical-align: inherit;\">T&agrave;n &aacute;c miễn ph&iacute;</span></li>\r\n<li style=\"margin: 0px 0px 0px 20px; padding: 2px 0px; list-style: disc;\"><span style=\"margin: 0px; padding: 0px; vertical-align: inherit;\">C&ocirc;ng thức Unisex</span></li>\r\n</ul>\r\n<p><span style=\"margin: 0px; padding: 0px; vertical-align: inherit;\">Th&agrave;nh phần:&nbsp;</span><span style=\"background-color: #ffffff; font-family: futura-pt, sans-serif; font-size: 16px;\">Aqua, Sodium Methyl Cocoyl Taurate, Cocamidopropyl Betaine, Dimethicone, Decyl Glucoside, Coco-Glucoside, Glyceryl Oleate, Hydrolyzed Quinoa *, Salt, Olea europaea (Olive) FruitOil, Linum Usitatissimum (Flaxseed) Seed Oil *, Squalane *, Sunflower (Helianthus) Annus) Seed Oil *, Hippophae Rhamnoides (Sea Buckthorn) FruitOil *, Medicago Sativa (Alfalfa) Extract *, Hordeum Distichon (Barley) Extract *, Fusanus Spicatus Wood Oil (Sandalwood Oil), Pheliodendron Amurense Bark Extract (Cork Tree) *, Chiết xuất l&aacute; Mentha Piperita (Bạc h&agrave;) *, Menthol, Chiết xuất l&aacute; hương thảo (Rosmarinus Officinalis) *, Parfum, Phenoxyethanol, Ethylhexylglycerin, Kali Sorbate, Axit Citric (* Th&agrave;nh phần hữu cơ được chứng nhận)</span></p>\r\n<p><span style=\"background-color: #ffffff; font-family: futura-pt, sans-serif; font-size: 16px;\">Hướng dẫn sử dụng:&nbsp;</span><span style=\"background-color: #ffffff; font-family: futura-pt, sans-serif; font-size: 16px;\">&Aacute;p dụng 1-3 lần bơm l&ecirc;n t&oacute;c ẩm, xoa đều v&agrave; gội sạch bằng nước.</span></p>', b'1', 40, 6);

-- --------------------------------------------------------

--
-- Table structure for table `product_gallery`
--

CREATE TABLE `product_gallery` (
  `id` int(11) NOT NULL,
  `id_product` int(11) NOT NULL,
  `images` varchar(191) NOT NULL,
  `title` varchar(191) DEFAULT NULL
) ENGINE=InnoDB DEFAULT CHARSET=utf8mb4;

--
-- Dumping data for table `product_gallery`
--

INSERT INTO `product_gallery` (`id`, `id_product`, `images`, `title`) VALUES
(4, 6, '5f2931a12d97dp1.png', 'Gôm R&B'),
(5, 6, '5f2931891e674p1.png', 'Gôm R&B'),
(6, 6, '5f29317161399p1.png', 'Gôm R&B'),
(7, 5, '5f2a934c67d791e3b69d718a10a677ce50ac0386130af.png', 'Sáp Glanzen Clay'),
(8, 5, '5f2a9345aaa69fb74d8a4fff99b4e7eef8ff73c994265.png', 'Sáp Glanzen Clay'),
(9, 5, '5f2a92a7b06013aee2414bf8d1ccd8a6e4934c4ba502d.png', 'Sáp Glanzen Clay'),
(10, 8, '5f2ad43542670sprite.png', 'Bọt Cạo Râu Gillette Hương Chanh'),
(11, 8, '5f2ad45e0a216sprite.png', 'Bọt Cạo Râu Gillette Hương Chanh'),
(12, 9, '5f2ad50f7340afb74d8a4fff99b4e7eef8ff73c994265.png', 'Bọt Cạo Râu Romano Classic'),
(13, 9, '5f2ad5173d8253aee2414bf8d1ccd8a6e4934c4ba502d.png', 'Bọt Cạo Râu Romano Classic'),
(14, 9, '5f2ad51fa6183sprite.png', 'Bọt Cạo Râu Romano Classic'),
(15, 10, '5f2ad68702ae4p1.png', 'Gôm xịt tạo phồng By Vilain Sidekick'),
(16, 10, '5f2ad6abcbc36p1.png', 'Gôm xịt tạo phồng By Vilain Sidekick'),
(17, 10, '5f2ad6b2cc3c7sprite.png', 'Gôm xịt tạo phồng By Vilain Sidekick'),
(18, 11, '5f361739d225e1-min-5.png', 'Vilain 3-Pack'),
(19, 11, '5f361745d08feicon-zio.png', 'Vilain 3-Pack'),
(20, 11, '5f36174e913e6p3.png', 'Vilain 3-Pack'),
(21, 11, '5f36175a23250p4.png', 'Vilain 3-Pack'),
(22, 11, '5f3617646c27cp2.png', 'Vilain 3-Pack'),
(23, 12, '5f361834af5b4p2.png', 'Vilain NEON Sea Salt'),
(24, 12, '5f36183b93959p3.png', 'Vilain NEON Sea Salt'),
(25, 12, '5f36184231eeep1.png', 'Vilain NEON Sea Salt'),
(26, 13, '5f36194ca7510p3.png', 'By Vilain Jet Pack'),
(27, 13, '5f36195322b2dp2.png', 'By Vilain Jet Pack'),
(28, 13, '5f36195c03c52p1.png', 'By Vilain Jet Pack'),
(29, 14, '5f361a93e1ea2p2.png', 'Shear Revival'),
(30, 14, '5f361a836eaa0p3.png', 'Shear Revival'),
(31, 14, '5f361a9ccfdeep1.png', 'Shear Revival'),
(32, 15, '5f3625fd5a62ep4.png', 'Dầu dưỡng tóc Blumaan Cloud Control'),
(33, 15, '5f3626045a294p3.png', 'Dầu dưỡng tóc Blumaan Cloud Control'),
(34, 15, '5f36260bcc572p2.png', 'Dầu dưỡng tóc Blumaan Cloud Control'),
(35, 15, '5f3626155a5fcicon-zio.png', 'Dầu dưỡng tóc Blumaan Cloud Control'),
(36, 15, '5f36261e8d6e91-min-5.png', 'Dầu dưỡng tóc Blumaan Cloud Control'),
(37, 15, '5f362629948ddp1.png', 'Dầu dưỡng tóc Blumaan Cloud Control'),
(38, 16, '5f3626f6f3535p4.png', 'Morris Motley - Dầu gội dưỡng tóc bằng đất sét'),
(39, 16, '5f3626ff7ac11p3.png', 'Morris Motley - Dầu gội dưỡng tóc bằng đất sét'),
(40, 16, '5f36270697d90p2.png', 'Morris Motley - Dầu gội dưỡng tóc bằng đất sét'),
(41, 16, '5f36270e2c918p1.png', 'Morris Motley - Dầu gội dưỡng tóc bằng đất sét'),
(42, 17, '5f3627eab570ep2.png', 'SHEH • VOO - Dầu gội đất sét đen'),
(43, 17, '5f3627f04327cp1.png', 'SHEH • VOO - Dầu gội đất sét đen'),
(44, 18, '5f3628b36f559p3.png', 'By Vilain Rush Conditioner'),
(45, 18, '5f3628ba090afp2.png', 'By Vilain Rush Conditioner'),
(46, 18, '5f3628c04da49p1.png', 'By Vilain Rush Conditioner'),
(47, 19, '5f362975d099cp3.png', 'The Salon Guy - Dầu gội đầu'),
(48, 19, '5f36297bf0ff0p2.png', 'The Salon Guy - Dầu gội đầu'),
(49, 19, '5f362982ad651p1.png', 'The Salon Guy - Dầu gội đầu'),
(50, 20, '5f362a47aa91cp3.png', 'The Salon Guy - Dầu gội đầu'),
(51, 20, '5f362a4fc451cp2.png', 'The Salon Guy - Dầu gội đầu'),
(52, 20, '5f362a55ecb87p1.png', 'The Salon Guy - Dầu gội đầu'),
(54, 22, '64e43d68a51315f2a94b98c22dsprite.png', 'anh 2'),
(55, 23, '64e44cd37e5e85f24cbc710a7abarber-slide-2-.png', 'anh 01');

-- --------------------------------------------------------

--
-- Table structure for table `reply_contact`
--

CREATE TABLE `reply_contact` (
  `id` int(11) NOT NULL,
  `id_contact` int(11) NOT NULL,
  `id_user` int(11) NOT NULL,
  `content` text NOT NULL,
  `created_at` timestamp NOT NULL DEFAULT current_timestamp()
) ENGINE=InnoDB DEFAULT CHARSET=utf8mb4;

--
-- Dumping data for table `reply_contact`
--

INSERT INTO `reply_contact` (`id`, `id_contact`, `id_user`, `content`, `created_at`) VALUES
(5, 3, 2, '<p>Tesssfbbb</p>', '2020-08-16 09:41:43'),
(6, 4, 2, '<p>ttttttttttttttttttttttttttttttttttttt</p>', '2020-08-16 09:43:56');

-- --------------------------------------------------------

--
-- Table structure for table `services`
--

CREATE TABLE `services` (
  `id` int(11) NOT NULL,
  `name` varchar(191) NOT NULL,
  `price` float NOT NULL,
  `sale` float NOT NULL,
  `time` time NOT NULL,
  `detail` text NOT NULL,
  `images` varchar(191) NOT NULL,
  `id_type` int(11) NOT NULL
) ENGINE=InnoDB DEFAULT CHARSET=utf8mb4;

--
-- Dumping data for table `services`
--

INSERT INTO `services` (`id`, `name`, `price`, `sale`, `time`, `detail`, `images`, `id_type`) VALUES
(1, 'Uốn phồng tiêu chuẩn', 72000, 0, '00:35:00', '<p>V&Igrave; SAO UỐN T&Oacute;C L&Agrave; XU HƯỚNG CỦA NAM GIỚI HIỆN ĐẠI?</p>\r\n<p>Uốn t&oacute;c đang l&agrave; xu hướng được nam giới ưa chuộng bởi qu&aacute; nhiều lợi &iacute;ch m&agrave; n&oacute; mang lại. C&aacute;c khuyết điểm t&oacute;c m&agrave; nam giới thường gặp phải đều được giải quyết nhanh gọn bằng kỹ thuật n&agrave;y.</p>\r\n<p>Nếu anh sở hữu một m&aacute;i t&oacute;c thưa, mỏng, uốn t&oacute;c sẽ gi&uacute;p m&aacute;i t&oacute;c trở n&ecirc;n bồng bềnh, tạo hiệu ứng tr&ocirc;ng d&agrave;y hơn. Ngược lại, những m&aacute;i t&oacute;c d&agrave;y, kh&ocirc; xơ sẽ trở n&ecirc;n mềm mại, nhẹ nh&agrave;ng hơn rất nhiều khi được uốn.</p>\r\n<p>Dạo một v&ograve;ng quanh showbiz, đ&acirc;u đ&acirc;u cũng l&agrave; những mẫu t&oacute;c uốn tuyệt đẹp. Sơn T&ugrave;ng M-TP, Isaac, Soobin Ho&agrave;ng Sơn, Justatee,... tất cả đều kh&ocirc;ng thể đứng ngo&agrave;i cơn sốt uốn t&oacute;c.</p>\r\n<p>H&agrave;ng ng&agrave;n ch&agrave;ng trai đ&atilde; tự tin thay đổi m&igrave;nh với xu hướng t&oacute;c uốn rồi, anh cũng rất n&ecirc;n uốn t&oacute;c một lần trong đời để cảm nhận hết vẻ ho&agrave;n hảo m&agrave; m&aacute;i t&oacute;c uốn mang lại cho bản th&acirc;n.</p>', '5f1fc02cc0109tao-phong.png', 1),
(2, 'Tạo phồng', 99000, 0, '00:25:00', '<p><span style=\"color: #111111; font-family: HelveticaVn-LtCn; background-color: #ffffff;\">Nếu anh sở hữu một m&aacute;i t&oacute;c thưa, mỏng, uốn t&oacute;c sẽ gi&uacute;p m&aacute;i t&oacute;c trở n&ecirc;n bồng bềnh, tạo hiệu ứng tr&ocirc;ng d&agrave;y hơn. Ngược lại, những m&aacute;i t&oacute;c d&agrave;y, kh&ocirc; xơ sẽ trở n&ecirc;n mềm mại, nhẹ nh&agrave;ng hơn rất nhiều khi được uốn.</span></p>\r\n<p><span style=\"color: #111111; font-family: HelveticaVn-LtCn; background-color: #ffffff;\">&nbsp;</span></p>', '5f1fbfdaec70ftao-phong.png', 1),
(3, 'Uốn phồng cao cấp', 349000, 0, '00:35:00', '<p><span style=\"box-sizing: border-box; font-weight: bolder;\">G&oacute;i Uốn Phồng cao cấp ATS</span>&nbsp;của Poly-barber đem đến cho bạn những ưu điểm vượt trội:</p>\r\n<ul style=\"box-sizing: border-box; margin-top: 0px; margin-bottom: 1em; padding-left: 0px; list-style-type: none; color: #111111; font-family: HelveticaVn-LtCn; font-size: 24px; background-color: #ffffff;\">\r\n<li style=\"box-sizing: border-box;\"><img style=\"box-sizing: border-box; vertical-align: middle; border-style: none; width: 29px; margin: 0px 10px 5px 0px;\" src=\"https://storage.30shine.com/ResourceWeb/data/images/Service/uon-phong/icon.png\" alt=\"Icon\" />Kh&ocirc;ng Amoniac g&acirc;y m&ugrave;i kh&oacute; chịu</li>\r\n<li style=\"box-sizing: border-box;\"><img style=\"box-sizing: border-box; vertical-align: middle; border-style: none; width: 29px; margin: 0px 10px 5px 0px;\" src=\"https://storage.30shine.com/ResourceWeb/data/images/Service/uon-phong/icon.png\" alt=\"Icon\" />Kh&ocirc;ng MEA, kh&ocirc;ng HCL g&acirc;y hại t&oacute;c</li>\r\n<li style=\"box-sizing: border-box;\"><img style=\"box-sizing: border-box; vertical-align: middle; border-style: none; width: 29px; margin: 0px 10px 5px 0px;\" src=\"https://storage.30shine.com/ResourceWeb/data/images/Service/uon-phong/icon.png\" alt=\"Icon\" />Tạo nếp t&oacute;c phồng ho&agrave;n hảo</li>\r\n<li style=\"box-sizing: border-box;\"><img style=\"box-sizing: border-box; vertical-align: middle; border-style: none; width: 29px; margin: 0px 10px 5px 0px;\" src=\"https://storage.30shine.com/ResourceWeb/data/images/Service/uon-phong/icon.png\" alt=\"Icon\" />T&oacute;c giữ được sự mềm mượt tối đa</li>\r\n<li style=\"box-sizing: border-box;\"><img style=\"box-sizing: border-box; vertical-align: middle; border-style: none; width: 29px; margin: 0px 10px 5px 0px;\" src=\"https://storage.30shine.com/ResourceWeb/data/images/Service/uon-phong/icon.png\" alt=\"Icon\" />C&oacute; thể uốn nhiều lần</li>\r\n<li style=\"box-sizing: border-box;\"><img style=\"box-sizing: border-box; vertical-align: middle; border-style: none; width: 29px; margin: 0px 10px 5px 0px;\" src=\"https://storage.30shine.com/ResourceWeb/data/images/Service/uon-phong/icon.png\" alt=\"Icon\" />D&ugrave;ng được cho t&oacute;c hư tổn</li>\r\n</ul>\r\n<p>Đặc biệt, sản phẩm được tăng cường th&agrave;nh phần Collagen v&agrave; Keratin đem lại độ su&ocirc;n mượt v&agrave; độ b&oacute;ng ho&agrave;n hảo cho t&oacute;c bạn.</p>', '5f1fc0d5a5edeuon_caocap.png', 1),
(4, 'Nhuộm Highlight', 70000, 0, '00:35:00', '<p><span style=\"color: #111111; font-family: HelveticaVn-LtCn; font-size: 18px; background-color: #ffffff;\">Nhuộm t&oacute;c đang trở th&agrave;nh xu hướng l&agrave;m đẹp cho nam giới. Nhuộm t&oacute;c kh&ocirc;ng những gi&uacute;p t&ocirc;n da mặt trở n&ecirc;n s&aacute;ng hơn, m&agrave; n&oacute; c&ograve;n l&agrave; c&aacute;ch để c&aacute;c ch&agrave;ng trai thể hiện phong c&aacute;ch, kh&iacute; chất ri&ecirc;ng của m&igrave;nh!</span></p>', '10.png', 3),
(5, 'Tẩy tóc', 100000, 0.1, '00:50:00', '<p style=\"text-align: left;\">Để sở hữu c&aacute;c m&agrave;u t&oacute;c nhuộm s&aacute;ng: kh&oacute;i, bạch kim, xanh,... bạn cần phải tẩy m&agrave;u t&oacute;c th&ecirc;m 1-2 lần để đam m&ecirc; của bạn th&agrave;nh hiện thực!</p>\r\n<p style=\"text-align: left;\">C&aacute;c m&agrave;u t&oacute;c s&aacute;ng: kh&oacute;i, bạch kim, xanh,... đang trở th&agrave;nh xu hướng của giới trẻ. Bạn sẽ phải tẩy m&agrave;u t&oacute;c th&ecirc;m 1-2 lần t&ugrave;y v&agrave;o độ s&aacute;ng của m&agrave;u t&oacute;c. Dịch vụ tẩy m&agrave;u t&oacute;c nam tại 30Shine sẽ gi&uacute;p bạn sở hữu m&agrave;u t&oacute;c ấn tượng m&agrave; bạn mong muốn!</p>\r\n<p style=\"text-align: left;\"><span style=\"color: #111111; font-family: HelveticaVn-LtCn; font-size: 20px; text-transform: uppercase; background-color: #ffffff;\">GI&Aacute; DỊCH VỤ: 100K/LẦN TẨY</span></p>\r\n<div class=\"title\" style=\"box-sizing: border-box; margin-top: 5px; margin-bottom: 5px; text-transform: uppercase; color: #111111; font-family: HelveticaVn-LtCn; font-size: 18px; background-color: #ffffff; text-align: left;\">QUY TR&Igrave;NH</div>\r\n<p style=\"box-sizing: border-box; margin-top: 0px; margin-bottom: 1em; color: #111111; font-family: HelveticaVn-LtCn; font-size: 18px; background-color: #ffffff; text-align: left;\">Để c&oacute; được m&agrave;u t&oacute;c s&aacute;ng, ph&ugrave; hợp với khu&ocirc;n mặt, trước khi nhuộm, c&aacute;c Stylist bậc cao gi&agrave;u kinh nghiệm của 30Shine sẽ tiến h&agrave;nh tẩy t&oacute;c từ 1-2 lần theo quy tr&igrave;nh chuy&ecirc;n nghiệp:</p>\r\n<div class=\"ant-row\" style=\"box-sizing: border-box; flex-flow: row wrap; display: flex; padding-bottom: 0px; background: #ffffff; color: #111111; font-family: HelveticaVn-LtCn; font-size: 18px; text-align: left;\">\r\n<div class=\"ant-col ant-col-xs-24 ant-col-sm-24 ant-col-md-12 ant-col-lg-12\" style=\"box-sizing: border-box; position: relative; max-width: 50%; min-height: 1px; flex: 0 0 50%; padding: 10px 15px 15px;\">\r\n<div class=\"title\" style=\"box-sizing: border-box; margin-top: 5px; margin-bottom: 5px; text-transform: uppercase; text-align: left;\">1/ GỘI XẢ</div>\r\n<img style=\"box-sizing: border-box; vertical-align: middle; border-style: none; width: 482px; margin-bottom: 10px; float: left;\" src=\"https://storage.30shine.com/ResourceWeb/data/images/Service/tay-toc/Buoc-1-tay-toc-nam-30shine.png\" alt=\"Icon\" /></div>\r\n<div class=\"ant-col ant-col-xs-24 ant-col-sm-24 ant-col-md-12 ant-col-lg-12\" style=\"box-sizing: border-box; position: relative; max-width: 50%; min-height: 1px; flex: 0 0 50%; padding: 10px 15px 15px; text-align: left;\">&nbsp;</div>\r\n<div class=\"ant-col ant-col-xs-24 ant-col-sm-24 ant-col-md-12 ant-col-lg-12\" style=\"box-sizing: border-box; position: relative; max-width: 50%; min-height: 1px; flex: 0 0 50%; padding: 10px 15px 15px; text-align: left;\">T&oacute;c sẽ được gội qua 1 lần, kh&ocirc;ng g&atilde;i mạnh để khi v&agrave;o thuốc kh&ocirc;ng bị x&oacute;t.</div>\r\n<div class=\"ant-col ant-col-xs-24 ant-col-sm-24 ant-col-md-12 ant-col-lg-12\" style=\"box-sizing: border-box; position: relative; max-width: 50%; min-height: 1px; flex: 0 0 50%; padding: 10px 15px 15px; text-align: left;\">&nbsp;</div>\r\n<div class=\"ant-col ant-col-xs-24 ant-col-sm-24 ant-col-md-12 ant-col-lg-12\" style=\"box-sizing: border-box; position: relative; max-width: 50%; min-height: 1px; flex: 0 0 50%; padding: 10px 15px 15px; text-align: left;\">\r\n<div class=\"title\" style=\"box-sizing: border-box; margin-top: 5px; margin-bottom: 5px; text-transform: uppercase;\">2/ TẨY T&Oacute;C</div>\r\n<img style=\"box-sizing: border-box; vertical-align: middle; border-style: none; width: 482px; margin-bottom: 10px;\" src=\"https://storage.30shine.com/ResourceWeb/data/images/Service/tay-toc/buoc-2-tay-toc-nam-30shine.png\" alt=\"Icon\" /></div>\r\n<div class=\"ant-col ant-col-xs-24 ant-col-sm-24 ant-col-md-12 ant-col-lg-12\" style=\"box-sizing: border-box; position: relative; max-width: 50%; min-height: 1px; flex: 0 0 50%; padding: 10px 15px 15px; text-align: left;\">&nbsp;</div>\r\n<div class=\"ant-col ant-col-xs-24 ant-col-sm-24 ant-col-md-12 ant-col-lg-12\" style=\"box-sizing: border-box; position: relative; max-width: 50%; min-height: 1px; flex: 0 0 50%; padding: 10px 15px 15px; text-align: left;\">Pha bột tẩy + Oxy 12, chải c&aacute;ch ch&acirc;n t&oacute;c 1-2cm. Ủ khoảng 30-40p tuỳ t&oacute;c cứng hay mềm.</div>\r\n</div>\r\n<div class=\"ant-row\" style=\"box-sizing: border-box; flex-flow: row wrap; display: flex; padding-bottom: 0px; background: #ffffff; color: #111111; font-family: HelveticaVn-LtCn; font-size: 18px; margin-bottom: 5px;\">\r\n<div class=\"ant-col ant-col-xs-24 ant-col-sm-24 ant-col-md-12 ant-col-lg-12\" style=\"box-sizing: border-box; position: relative; max-width: 50%; min-height: 1px; flex: 0 0 50%; padding: 10px 15px 15px; text-align: left;\">\r\n<div class=\"title\" style=\"box-sizing: border-box; margin-top: 5px; margin-bottom: 5px; text-transform: uppercase;\">3/ GỘI XẢ</div>\r\n<img style=\"box-sizing: border-box; vertical-align: middle; border-style: none; width: 482px; margin-bottom: 10px;\" src=\"https://storage.30shine.com/ResourceWeb/data/images/Service/tay-toc/Buoc-3-tay-toc-nam-30shine.png\" alt=\"Icon\" /></div>\r\n<div class=\"ant-col ant-col-xs-24 ant-col-sm-24 ant-col-md-12 ant-col-lg-12\" style=\"box-sizing: border-box; position: relative; max-width: 50%; min-height: 1px; flex: 0 0 50%; padding: 10px 15px 15px; text-align: left;\">&nbsp;</div>\r\n<div class=\"ant-col ant-col-xs-24 ant-col-sm-24 ant-col-md-12 ant-col-lg-12\" style=\"box-sizing: border-box; position: relative; max-width: 50%; min-height: 1px; flex: 0 0 50%; padding: 10px 15px 15px; text-align: left;\">Xả lại bằng dầu xả để t&oacute;c mềm mượt hơn khi sấy v&agrave; tạo kiểu vuốt s&aacute;p</div>\r\n</div>', '5f223698e2694tay.png', 3),
(6, 'Đắp mặt nạ', 70000, 0, '00:15:00', '1', '9.png', 6),
(7, 'Nhuộm màu', 150000, 0, '00:30:00', 'CẮT TẠO KIỂU BỞI STYLIST HÀNG ĐẦU', '2.png', 3),
(8, 'Tỉa râu', 15000, 0.03, '00:10:00', '<p>CẮT TẠO KIỂU BỞI STYLIST H&Agrave;NG ĐẦU</p>', '3.png', 8),
(9, 'Mát xa mặt', 50000, 0, '00:15:00', 'CẮT TẠO KIỂU BỞI STYLIST HÀNG ĐẦU', '4.png', 6),
(10, 'Phục hồi tóc', 70000, 0, '00:45:00', '<p style=\"box-sizing: border-box; margin-top: 0px; margin-bottom: 1rem;\"><span style=\"box-sizing: border-box; font-weight: bolder;\">7 bước trị liệu giảm ngay t&igrave;nh trạng rụng t&oacute;c</span></p>\r\n<h1 style=\"box-sizing: border-box; margin: 0px; font-family: Roboto, sans-serif; line-height: 1.2; color: #143a4f; font-size: 2.5rem; list-style: none; padding: 0px; text-transform: uppercase;\"><span style=\"box-sizing: border-box; font-weight: bolder;\">7 BƯỚC TRỊ LIỆU GI&Uacute;P BẠN GIẢM NGAY T&Igrave;NH TRẠNG RỤNG T&Oacute;C TẠI POLY-BARBER</span></h1>\r\n<hr style=\"box-sizing: content-box; height: 0px; overflow: visible; margin-top: 1rem; margin-bottom: 1rem; border-width: 3px; border-right-style: initial; border-bottom-style: initial; border-left-style: initial; border-color: #6e92a8; border-image: initial; max-width: 50px;\" />\r\n<p style=\"box-sizing: border-box; margin-top: 0px; margin-bottom: 1rem;\">\"C&aacute;i răng c&aacute;i t&oacute;c l&agrave; g&oacute;c con người\" - Từ xa xưa một m&aacute;i t&oacute;c đẹp đ&atilde; gắn liền với quan niệm thẩm mỹ của người Việt. Trong x&atilde; hội hiện đại, ti&ecirc;u chuẩn một m&aacute;i t&oacute;c đẹp c&agrave;ng được chau chuốt hơn. Tuy nhi&ecirc;n, kh&ocirc;ng phải ai sinh ra cũng đ&atilde; sở hữu một m&aacute;i t&oacute;c đẹp sẵn rất nhiều người gặp phải t&igrave;nh trạng t&oacute;c mỏng, rụng t&oacute;c thậm ch&iacute; h&oacute;i đầu khi tuổi c&ograve;n trẻ g&acirc;y n&ecirc;n nhiều trở ngại trong cuộc sống.</p>\r\n<p style=\"box-sizing: border-box; margin-top: 0px; margin-bottom: 1rem;\">Tại POLY-BARBER, với 7 bước trị liệu chuy&ecirc;n s&acirc;u, nhiều kh&aacute;ch h&agrave;ng đ&atilde; trải nghiệm v&agrave; đ&atilde; phản hồi với kết quả tốt.</p>\r\n<p style=\"box-sizing: border-box; margin-top: 0px; margin-bottom: 1rem;\">&nbsp;</p>\r\n<h3 style=\"box-sizing: border-box; margin: 0px; font-family: Roboto, sans-serif; line-height: 1.2; color: #143a4f; font-size: 1.75rem; list-style: none; padding: 0px; text-transform: uppercase;\"><span style=\"box-sizing: border-box; font-weight: bolder;\">BƯỚC 1: THĂM KH&Aacute;M V&Agrave; TƯ VẤN T&Igrave;NH TRẠNG T&Oacute;C DA ĐẦU</span></h3>\r\n<p style=\"box-sizing: border-box; margin-top: 0px; margin-bottom: 1rem;\">&nbsp;</p>\r\n<p style=\"box-sizing: border-box; margin-top: 0px; margin-bottom: 1rem;\">&ldquo;Lắng nghe&rdquo; v&agrave; &ldquo;thấu hiểu&rdquo; l&agrave; ch&acirc;m ng&ocirc;n m&agrave; POLY hướng tới mỗi khi n&oacute;i chuyện với bất k&igrave; kh&aacute;ch h&agrave;ng n&agrave;o. Bạn gặp vấn đề rụng t&oacute;c trong nhiều năm? H&atilde;y thoải m&aacute;i với đội ngũ chuy&ecirc;n gia 12 năm kinh nghiệm, chắc chắn bạn sẽ c&oacute; được những lời khuy&ecirc;n hữu &iacute;ch để khắc phục t&igrave;nh trạng t&oacute;c v&agrave; da đầu</p>\r\n<p style=\"box-sizing: border-box; margin-top: 0px; margin-bottom: 1rem;\">&nbsp;</p>\r\n<p style=\"box-sizing: border-box; margin-top: 0px; margin-bottom: 1rem;\"><img src=\"https://product.hstatic.net/1000181446/product/dv7_789da6d0924a44158b796cefaad8c86a.png\" alt=\"TƯ VẤN KIỂU T&Oacute;C THEO KHU&Ocirc;N MẶT &ndash; Suplo Hair Salon - Mỹ Phẩm Nam ...\" /></p>\r\n<h2 style=\"box-sizing: border-box; margin: 0px; font-family: Roboto, sans-serif; line-height: 1.2; color: #143a4f; font-size: 2rem; list-style: none; padding: 0px; text-transform: uppercase;\">&nbsp;</h2>\r\n<h3 style=\"box-sizing: border-box; margin: 0px; font-family: Roboto, sans-serif; line-height: 1.2; color: #143a4f; font-size: 1.75rem; list-style: none; padding: 0px; text-transform: uppercase;\"><span style=\"box-sizing: border-box; font-weight: bolder;\">BƯỚC 2: SOI DA ĐẦU V&Agrave; KIỂM TRA NANG T&Oacute;C</span></h3>\r\n<h3 style=\"box-sizing: border-box; margin: 0px; font-family: Roboto, sans-serif; line-height: 1.2; color: #143a4f; font-size: 1.75rem; list-style: none; padding: 0px; text-transform: uppercase;\">&nbsp;</h3>\r\n<p style=\"box-sizing: border-box; margin-top: 0px; margin-bottom: 1rem;\">Sẽ c&oacute; những nh&acirc;n tố g&acirc;y hại cho t&oacute;c nằm s&acirc;u trong lớp biểu b&igrave; m&agrave; mắt thường kh&ocirc;ng thể nh&igrave;n thấy. V&igrave; vậy, những trang thiết bị của POLY sẽ gi&uacute;p &ldquo;chẩn đ&uacute;ng bệnh&rdquo;, từ đ&oacute; t&igrave;m ra nguy&ecirc;n nh&acirc;n ch&iacute;nh khiến t&oacute;c rụng để đưa ra liệu tr&igrave;nh giải quyết triệt để c&aacute;c t&aacute;c nh&acirc;n xấu đ&oacute;.</p>\r\n<p style=\"box-sizing: border-box; margin-top: 0px; margin-bottom: 1rem;\"><img src=\"https://gomsapvuottoc.com/wp-content/uploads/2016/12/su-dung-sap-vuot-toc-loreal.png\" alt=\"Sử Dụng S&aacute;p Vuốt T&oacute;c Loreal Sao Cho Hiệu Quả Nhất - G&ocirc;m S&aacute;p Vuốt T&oacute;c\" /></p>\r\n<h2 style=\"box-sizing: border-box; margin: 0px; font-family: Roboto, sans-serif; line-height: 1.2; color: #143a4f; font-size: 2rem; list-style: none; padding: 0px; text-transform: uppercase;\">&nbsp;</h2>\r\n<h3 style=\"box-sizing: border-box; margin: 0px; font-family: Roboto, sans-serif; line-height: 1.2; color: #143a4f; font-size: 1.75rem; list-style: none; padding: 0px; text-transform: uppercase;\"><span style=\"box-sizing: border-box; font-weight: bolder;\">BƯỚC 3: TẨY DA CHẾT CHO DA ĐẦU</span></h3>\r\n<h3 style=\"box-sizing: border-box; margin: 0px; font-family: Roboto, sans-serif; line-height: 1.2; color: #143a4f; font-size: 1.75rem; list-style: none; padding: 0px; text-transform: uppercase;\">&nbsp;</h3>\r\n<p style=\"box-sizing: border-box; margin-top: 0px; margin-bottom: 1rem;\">Khi t&oacute;c bị g&atilde;y rụng, ngứa hay g&agrave;u.., ch&uacute;ng ta thường nghĩ l&yacute; do đến từ nội tiết tố, rối loạn hệ miễn dịch, dầu gội kh&ocirc;ng hợp hay stress g&acirc;y n&ecirc;n nhưng qu&ecirc;n mất rằng&nbsp; da đầu cũng trải qua sự đ&agrave;o thải v&agrave; thay mới tế b&agrave;o, cộng th&ecirc;m những tạp chất b&aacute;m tr&ecirc;n bề mặt da đầu như bụi bẩn, dầu v&agrave; th&agrave;nh phần h&oacute;a học từ c&aacute;c sản phẩm t&oacute;c như gel, g&ocirc;m, dầu ủ,&hellip;d&ugrave; bạn gội đầu mỗi ng&agrave;y cũng kh&ocirc;ng thể lấy đi hết.</p>\r\n<p style=\"box-sizing: border-box; margin-top: 0px; margin-bottom: 1rem;\">Sau đấy, ch&uacute;ng dần t&iacute;ch tụ th&agrave;nh từng mảng b&aacute;m g&acirc;y b&iacute;t lỗ ch&acirc;n t&oacute;c, l&agrave; nguy&ecirc;n nh&acirc;n ch&iacute;nh g&acirc;y ra những bệnh về da đầu. Do đ&oacute;, tẩy tế b&agrave;o chết da đầu l&agrave; một kh&acirc;u cơ bản, kh&ocirc;ng thể bỏ qua nếu như bạn kh&ocirc;ng muốn &ldquo;khoản đầu tư&rdquo; cho m&aacute;i t&oacute;c bị l&atilde;ng ph&iacute;.</p>\r\n<p style=\"box-sizing: border-box; margin-top: 0px; margin-bottom: 1rem;\">&nbsp;</p>\r\n<p style=\"box-sizing: border-box; margin-top: 0px; margin-bottom: 1rem;\"><img src=\"https://lh3.googleusercontent.com/proxy/5VsRXsG4MP-mTRnt0t5Th5g4nxHkkm-Yc1SgfuhtfpTdcWpvklVU4n2jIv6YJVZmo8vPic1RKrT12iIWw-OqhkiAzuQkuoc7pew6dWzYMWhbpd1BQSTkyccp3doK7JbtxExusAbeaq5v1fs0qFJQ4S46kZcyKosn69iz6SHTH5QpD-Dv1z6dVzoNZCo\" alt=\"Nấm da đầu l&agrave; g&igrave;, điều trị như thế n&agrave;o?\" /></p>\r\n<h2 style=\"box-sizing: border-box; margin: 0px; font-family: Roboto, sans-serif; line-height: 1.2; color: #143a4f; font-size: 2rem; list-style: none; padding: 0px; text-transform: uppercase;\">&nbsp;</h2>\r\n<h3 style=\"box-sizing: border-box; margin: 0px; font-family: Roboto, sans-serif; line-height: 1.2; color: #143a4f; font-size: 1.75rem; list-style: none; padding: 0px; text-transform: uppercase;\"><span style=\"box-sizing: border-box; font-weight: bolder;\">BƯỚC 4: GỘI TRỊ LIỆU</span></h3>\r\n<p style=\"box-sizing: border-box; margin-top: 0px; margin-bottom: 1rem;\">&nbsp;</p>\r\n<p style=\"box-sizing: border-box; margin-top: 0px; margin-bottom: 1rem;\">Gội đầu trị liệu l&agrave; phương ph&aacute;p gội kết hợp giữa nguy&ecirc;n tắc dưỡng sinh của phương Đ&ocirc;ng v&agrave; c&aacute;c động t&aacute;c gội để massage, xoa b&oacute;p c&aacute;c huyệt đạo nằm tr&ecirc;n to&agrave;n bộ v&ugrave;ng đầu, vai, g&aacute;y v&agrave; cổ. Sử dụng phương ph&aacute;p gội đầu trị liệu kh&ocirc;ng chỉ gột sạch những tế b&agrave;o chết của t&oacute;c m&agrave; c&ograve;n gi&uacute;p cơ thể thư gi&atilde;n, xua tan cảm gi&aacute;c mệt mỏi, căng thẳng t&iacute;ch tụ trong c&ocirc;ng việc v&agrave; cuộc sống. Từ đ&oacute;, gi&uacute;p t&oacute;c chắc khỏe cả trong lẫn ngo&agrave;i.</p>\r\n<p style=\"box-sizing: border-box; margin-top: 0px; margin-bottom: 1rem;\">C&aacute;c loại dầu gội đến từ c&aacute;c thương hiệu lớn nổi tiếng, được nghi&ecirc;n cứu với c&aacute;c th&agrave;nh phần đặc trị ph&ugrave; hợp với từng loại t&oacute;c v&agrave; da đầu, hỗ trợ điều trị ngăn ngừa rụng t&oacute;c hiệu quả.</p>\r\n<p style=\"box-sizing: border-box; margin-top: 0px; margin-bottom: 1rem;\">&nbsp;</p>\r\n<p style=\"box-sizing: border-box; margin-top: 0px; margin-bottom: 1rem;\"><img src=\"https://product.hstatic.net/1000181446/product/dv1_62ef6ce1bbf54d7fbdd8912b72c8fe65.png\" alt=\"GỘI ĐẦU MASSAGE BẤM HUYỆT &ndash; Suplo Hair Salon - Mỹ Phẩm Nam Ch&iacute;nh ...\" /></p>\r\n<h2 style=\"box-sizing: border-box; margin: 0px; font-family: Roboto, sans-serif; line-height: 1.2; color: #143a4f; font-size: 2rem; list-style: none; padding: 0px; text-transform: uppercase;\">&nbsp;</h2>\r\n<h3 style=\"box-sizing: border-box; margin: 0px; font-family: Roboto, sans-serif; line-height: 1.2; color: #143a4f; font-size: 1.75rem; list-style: none; padding: 0px; text-transform: uppercase;\"><span style=\"box-sizing: border-box; font-weight: bolder;\">BƯỚC 5: XẢ ĐẶC TRỊ</span></h3>\r\n<h3 style=\"box-sizing: border-box; margin: 0px; font-family: Roboto, sans-serif; line-height: 1.2; color: #143a4f; font-size: 1.75rem; list-style: none; padding: 0px; text-transform: uppercase;\">&nbsp;</h3>\r\n<p style=\"box-sizing: border-box; margin-top: 0px; margin-bottom: 1rem;\">Sau khi gội sạch c&aacute;c chất bẩn c&ugrave;ng dầu gội chuy&ecirc;n dụng, c&aacute;c nh&acirc;n vi&ecirc;n sẽ tiếp tục massage da đầu bằng dầu xả đặc trị. Dưỡng chất của dầu x&atilde; sẽ thẩm thấu qua c&aacute;c nang t&oacute;c, phục hồi những sợi t&oacute;c bị hư tổn sắp rụng, củng cố nu&ocirc;i dưỡng những sợi t&oacute;c con, gi&uacute;p t&oacute;c mọc nhanh v&agrave; d&agrave;y hơn.</p>\r\n<p style=\"box-sizing: border-box; margin-top: 0px; margin-bottom: 1rem;\">&nbsp;</p>\r\n<p style=\"box-sizing: border-box; margin-top: 0px; margin-bottom: 1rem;\"><img src=\"https://lh3.googleusercontent.com/proxy/aBWJvrq4WiR8aY8AiYXQQI1NC-ud6AYrCEDIwZvhNeEHsndKr5I_klDgH3E88YUuaBuWU5_f0ChkrrT3xfbL-P5vscHM64KnYRAUXd5bLo_QGn83rkloLlVA3A3Kt8gmInbTYOaRtcyompkU\" alt=\"Scissors Sound &ndash; enkalna\" /></p>\r\n<h2 style=\"box-sizing: border-box; margin: 0px; font-family: Roboto, sans-serif; line-height: 1.2; color: #143a4f; font-size: 2rem; list-style: none; padding: 0px; text-transform: uppercase;\">&nbsp;</h2>\r\n<h3 style=\"box-sizing: border-box; margin: 0px; font-family: Roboto, sans-serif; line-height: 1.2; color: #143a4f; font-size: 1.75rem; list-style: none; padding: 0px; text-transform: uppercase;\"><span style=\"box-sizing: border-box; font-weight: bolder;\">BƯỚC 6: XỊT PHUN SƯƠNG DƯỠNG CHẤT V&Agrave;O DA ĐẦU</span></h3>\r\n<p style=\"box-sizing: border-box; margin-top: 0px; margin-bottom: 1rem;\">&nbsp;</p>\r\n<p style=\"box-sizing: border-box; margin-top: 0px; margin-bottom: 1rem;\">Tinh chất dạng xịt với kết cấu phun sương, dễ d&agrave;ng đưa dưỡng chất thẩm thấu qua c&aacute;c lớp biểu b&igrave; của da đầu. Đi s&acirc;u v&agrave; gốc rễ b&ecirc;n trong t&oacute;c, gi&uacute;p ngăn ngừa t&oacute;c rụng từ b&ecirc;n trong.</p>\r\n<p style=\"box-sizing: border-box; margin-top: 0px; margin-bottom: 1rem;\">&nbsp;</p>\r\n<p style=\"box-sizing: border-box; margin-top: 0px; margin-bottom: 1rem;\"><img style=\"box-sizing: border-box; vertical-align: middle; border-style: none; width: 710px;\" src=\"https://lh3.googleusercontent.com/k7fZ4Nr6PCGfVjNriz1aFrwP-xwaNOMxFzkCqTg9PcdBwY5TCGj7jzzCXmvQGk8RM59Zvbehjp0IdqOm3mjpcRDrfL32YxedUJVhr3-P5ds0kJ2iN2T_qTX7O73Gcp988iy0FQZ7\" /></p>\r\n<h2 style=\"box-sizing: border-box; margin: 0px; font-family: Roboto, sans-serif; line-height: 1.2; color: #143a4f; font-size: 2rem; list-style: none; padding: 0px; text-transform: uppercase;\">&nbsp;</h2>\r\n<h3 style=\"box-sizing: border-box; margin: 0px; font-family: Roboto, sans-serif; line-height: 1.2; color: #143a4f; font-size: 1.75rem; list-style: none; padding: 0px; text-transform: uppercase;\"><span style=\"box-sizing: border-box; font-weight: bolder;\">BƯỚC 7: SỬ DỤNG LƯỢC LASER MASSAGE C&Aacute;C MẠCH M&Aacute;U</span></h3>\r\n<p style=\"box-sizing: border-box; margin-top: 0px; margin-bottom: 1rem;\">&nbsp;</p>\r\n<p style=\"box-sizing: border-box; margin-top: 0px; margin-bottom: 1rem;\">Lược laser với&nbsp;</p>\r\n<p style=\"box-sizing: border-box; margin-top: 0px; margin-bottom: 1rem;\">&ndash; Đ&egrave;n Laser: gi&uacute;p diệt khuẩn, kiểm so&aacute;t lượng b&atilde; nhờn (DHT), giảm lượng t&oacute;c rụng.</p>\r\n<p style=\"box-sizing: border-box; margin-top: 0px; margin-bottom: 1rem;\">&ndash; Đ&egrave;n Led: gi&uacute;p k&iacute;ch th&iacute;ch mọc t&oacute;c.</p>\r\n<p style=\"box-sizing: border-box; margin-top: 0px; margin-bottom: 1rem;\">&ndash; Đầu răng lược ph&aacute;t ra xung điện: gi&uacute;p massage da đầu, tăng lưu th&ocirc;ng m&aacute;u, gi&uacute;p sợi t&oacute;c to hơn, chắc khỏe hơn.</p>\r\n<p style=\"box-sizing: border-box; margin-top: 0px; margin-bottom: 1rem;\">&nbsp;</p>\r\n<p style=\"box-sizing: border-box; margin-top: 0px; margin-bottom: 1rem;\"><img style=\"box-sizing: border-box; vertical-align: middle; border-style: none; width: 710px;\" src=\"https://lh5.googleusercontent.com/2NJf78MRZstD-HtsNOFClSk3N1ngJOS3ly2MzKG2Gq8kcjoWuQY6uOXw_apahDEyD7RbSXEfjmisKBqjwTLJHspC5I0Ph6j1xiB2l4yo9N0iC8shqMOirAgMzz2ZTf4Yi7RQONmP\" /></p>\r\n<p style=\"box-sizing: border-box; margin-top: 0px; margin-bottom: 1rem;\">&nbsp;</p>\r\n<p style=\"box-sizing: border-box; margin-top: 0px; margin-bottom: 1rem;\">Zio Hair l&agrave; chuỗi salon chăm s&oacute;c t&oacute;c cao cấp hướng đến phong c&aacute;ch H&agrave;n Quốc được th&agrave;nh lập bởi Stylist Đỗ Minh Th&agrave;nh với hơn 12 năm kinh nghiệm thiết kế t&oacute;c chuy&ecirc;n nghiệp chuẩn Style Kore</p>', '5.png', 8),
(11, 'Gội đầu', 150000, 0, '00:15:00', '<p style=\"box-sizing: border-box; margin-top: 0px; margin-bottom: 1rem; color: #4a4a4a; font-family: Roboto, sans-serif; font-size: 16px; text-align: justify; background-color: #ffffff;\"><span style=\"box-sizing: border-box; font-weight: bolder;\">Gội đầu thư v&atilde;n chuẩn 35 ph&uacute;t</span></p>\r\n<h1 style=\"box-sizing: border-box; margin: 0px; font-family: Roboto, sans-serif; line-height: 1.2; color: #143a4f; font-size: 2.5rem; list-style: none; padding: 0px; text-transform: uppercase; text-align: justify; background-color: #ffffff;\"><span style=\"box-sizing: border-box; font-weight: bolder;\">THƯ GI&Atilde;N TRONG 35 PH&Uacute;T GỘI ĐẦU KẾT HỢP MASSAGE DA ĐẦU TẠI ZIO HAIR</span></h1>\r\n<hr style=\"box-sizing: content-box; height: 0px; overflow: visible; margin-top: 1rem; margin-bottom: 1rem; border-width: 3px; border-right-style: initial; border-bottom-style: initial; border-left-style: initial; border-color: #6e92a8; border-image: initial; max-width: 50px; color: #4a4a4a; font-family: Roboto, sans-serif; font-size: 16px; text-align: justify; background-color: #ffffff;\" />\r\n<p style=\"box-sizing: border-box; margin-top: 0px; margin-bottom: 1rem; color: #4a4a4a; font-family: Roboto, sans-serif; font-size: 16px; text-align: justify; background-color: #ffffff;\"><em style=\"box-sizing: border-box;\"><span style=\"box-sizing: border-box; font-weight: bolder;\">Cuộc sống hiện đại khiến bạn thường kh&ocirc;ng c&oacute; thời gian quan t&acirc;m đến bản th&acirc;n. Thấu hiểu điều đ&oacute;, dịch vụ gội đầu thư gi&atilde;n tại Poly-barber ra đời như một phương thức gi&uacute;p kh&aacute;ch h&agrave;ng c&oacute; thể vừa kết hợp thư gi&atilde;n, xả stress với chăm s&oacute;c t&oacute;c thường xuy&ecirc;n.</span></em></p>\r\n<p style=\"box-sizing: border-box; margin-top: 0px; margin-bottom: 1rem; color: #4a4a4a; font-family: Roboto, sans-serif; font-size: 16px; text-align: justify; background-color: #ffffff;\">&nbsp;</p>\r\n<p style=\"box-sizing: border-box; margin-top: 0px; margin-bottom: 1rem; color: #4a4a4a; font-family: Roboto, sans-serif; font-size: 16px; text-align: justify; background-color: #ffffff;\"><img src=\"https://toplist.vn/images/800px/seven-plus-men-hair-322050.jpg\" alt=\"Top 6 Tiệm cắt t&oacute;c nam đẹp v&agrave; chất lượng nhất Long An - Toplist.vn\" /></p>\r\n<p style=\"box-sizing: border-box; margin-top: 0px; margin-bottom: 1rem; color: #4a4a4a; font-family: Roboto, sans-serif; font-size: 16px; text-align: justify; background-color: #ffffff;\">&nbsp;</p>\r\n<p style=\"box-sizing: border-box; margin-top: 0px; margin-bottom: 1rem; color: #4a4a4a; font-family: Roboto, sans-serif; font-size: 16px; text-align: justify; background-color: #ffffff;\">Trong mỗi buổi gội, ngo&agrave;i việc được sử dụng sản phẩm gội xả chuy&ecirc;n nghiệp chăm s&oacute;c cho t&oacute;c, bạn c&ograve;n được massage thư gi&atilde;n tăng tuần ho&agrave;n da đầu, k&iacute;ch th&iacute;ch t&oacute;c mọc v&agrave; ph&aacute;t triển khoẻ mạnh.</p>\r\n<p style=\"box-sizing: border-box; margin-top: 0px; margin-bottom: 1rem; color: #4a4a4a; font-family: Roboto, sans-serif; font-size: 16px; text-align: justify; background-color: #ffffff;\">Massage cổ vai g&aacute;y gi&uacute;p xo&aacute; tan mệt mỏi căng thẳng của cuộc sống v&agrave; c&ocirc;ng việc, gi&uacute;p giảm đau mỏi do ngồi l&acirc;u trước m&aacute;y t&iacute;nh v&agrave; giảm nguy cơ bị l&atilde;o ho&aacute; sớm đốt sống cổ.</p>\r\n<p style=\"box-sizing: border-box; margin-top: 0px; margin-bottom: 1rem; color: #4a4a4a; font-family: Roboto, sans-serif; font-size: 16px; text-align: justify; background-color: #ffffff;\">Với kh&ocirc;ng gian tho&aacute;ng đ&atilde;ng, rộng r&atilde;i c&ugrave;ng đ&ocirc;i b&agrave;n tay đi&ecirc;u luyện của chuy&ecirc;n vi&ecirc;n, Poly-barber sẽ mang đến cho bạn những ph&uacute;t gi&acirc;y &ecirc;m dịu v&agrave; thoải m&aacute;i nhất, nạp lại cho bạn nguồn năng lượng tươi mới nhất.</p>\r\n<p style=\"box-sizing: border-box; margin-top: 0px; margin-bottom: 1rem; color: #4a4a4a; font-family: Roboto, sans-serif; font-size: 16px; text-align: justify; background-color: #ffffff;\"><br style=\"box-sizing: border-box;\" />&nbsp;</p>\r\n<p style=\"box-sizing: border-box; margin-top: 0px; margin-bottom: 1rem; color: #4a4a4a; font-family: Roboto, sans-serif; font-size: 16px; text-align: justify; background-color: #ffffff;\"><img src=\"https://gomsapvuottoc.com/wp-content/uploads/2016/12/su-dung-sap-vuot-toc-loreal.png\" alt=\"Sử Dụng S&aacute;p Vuốt T&oacute;c Loreal Sao Cho Hiệu Quả Nhất - G&ocirc;m S&aacute;p Vuốt T&oacute;c\" /></p>\r\n<p style=\"box-sizing: border-box; margin-top: 0px; margin-bottom: 1rem; color: #4a4a4a; font-family: Roboto, sans-serif; font-size: 16px; text-align: justify; background-color: #ffffff;\">&nbsp;</p>\r\n<p style=\"box-sizing: border-box; margin-top: 0px; margin-bottom: 1rem; color: #4a4a4a; font-family: Roboto, sans-serif; font-size: 16px; text-align: justify; background-color: #ffffff;\">Dịch vụ gội đầu thư gi&atilde;n chuẩn 35 ph&uacute;t bao gồm:</p>\r\n<p style=\"box-sizing: border-box; margin-top: 0px; margin-bottom: 1rem; color: #4a4a4a; font-family: Roboto, sans-serif; font-size: 16px; text-align: justify; background-color: #ffffff;\">- Sử dụng dầu gội, kem xả từ c&aacute;c thương hiệu mỹ phẩm chăm s&oacute;c t&oacute;c danh tiếng, chất lượng</p>\r\n<p style=\"box-sizing: border-box; margin-top: 0px; margin-bottom: 1rem; color: #4a4a4a; font-family: Roboto, sans-serif; font-size: 16px; text-align: justify; background-color: #ffffff;\">- Gội đầu kết hợp massage da đầu gi&uacute;p thư gi&atilde;n sảng kho&aacute;i</p>\r\n<p style=\"box-sizing: border-box; margin-top: 0px; margin-bottom: 1rem; color: #4a4a4a; font-family: Roboto, sans-serif; font-size: 16px; text-align: justify; background-color: #ffffff;\">- Sấy tạo kiểu chuy&ecirc;n nghiệp</p>\r\n<p style=\"box-sizing: border-box; margin-top: 0px; margin-bottom: 1rem; color: #4a4a4a; font-family: Roboto, sans-serif; font-size: 16px; text-align: justify; background-color: #ffffff;\">- Tư vấn kiểu t&oacute;c ph&ugrave; hợp với ngoại h&igrave;nh, phong c&aacute;ch v&agrave; chia sẻ c&aacute;c phương ph&aacute;p chăm s&oacute;c t&oacute;c từ chuy&ecirc;n gia của Poly-barber</p>\r\n<p style=\"box-sizing: border-box; margin-top: 0px; margin-bottom: 1rem; color: #4a4a4a; font-family: Roboto, sans-serif; font-size: 16px; text-align: justify; background-color: #ffffff;\">&nbsp;</p>\r\n<p style=\"box-sizing: border-box; margin-top: 0px; margin-bottom: 1rem; color: #4a4a4a; font-family: Roboto, sans-serif; font-size: 16px; text-align: justify; background-color: #ffffff;\">Sử dụng dịch vụ gội đầu thư gi&atilde;n tại Poly-barber, m&aacute;i t&oacute;c của bạn sẽ được chăm s&oacute;c bởi c&aacute;c đội ngũ nh&acirc;n vi&ecirc;n chuy&ecirc;n nghiệp, được đ&agrave;o tạo b&agrave;i bản v&agrave; c&oacute; kiến thức chuy&ecirc;n s&acirc;u về t&oacute;c.</p>\r\n<p style=\"box-sizing: border-box; margin-top: 0px; margin-bottom: 1rem; color: #4a4a4a; font-family: Roboto, sans-serif; font-size: 16px; text-align: justify; background-color: #ffffff;\">Poly-barber l&agrave;&nbsp; salon chăm s&oacute;c t&oacute;c cao cấp hướng đến phong c&aacute;ch H&agrave;n Quốc được th&agrave;nh lập bởi Stylist Đỗ Minh Th&agrave;nh với hơn 12 năm kinh nghiệm thiết kế t&oacute;c chuy&ecirc;n nghiệp chuẩn Style Korea.</p>\r\n<p style=\"box-sizing: border-box; margin-top: 0px; margin-bottom: 1rem; color: #4a4a4a; font-family: Roboto, sans-serif; font-size: 16px; text-align: justify; background-color: #ffffff;\">&nbsp;</p>\r\n<p style=\"box-sizing: border-box; margin-top: 0px; margin-bottom: 1rem; color: #4a4a4a; font-family: Roboto, sans-serif; font-size: 16px; text-align: justify; background-color: #ffffff;\">Với kh&ocirc;ng gian hiện đại, đậm phong c&aacute;ch H&agrave;n Quốc thanh lịch v&agrave; đội ngũ nh&acirc;n vi&ecirc;n th&acirc;n thiện, chuy&ecirc;n nghiệp, Poly-barber&nbsp;hứa hẹn sẽ l&agrave; địa chỉ ho&agrave;n hảo để qu&yacute; kh&aacute;ch d&agrave;nh thời gian thư gi&atilde;n v&agrave; chăm s&oacute;c t&oacute;c.</p>\r\n<p>&nbsp;</p>', '6.png', 8),
(12, 'Mát xa chân', 20000, 0.03, '00:15:00', '<p>s&aacute;p g&ocirc;m cao cấp gi&uacute;p giữ nếp ho&agrave;n hảo d&ugrave; bạn đội mũ BH. S&aacute;p cao cấp gi&uacute;p t&oacute;c chắc khoẻ tr&aacute;nh g&agrave;u, g&atilde;y rụng so với loại thường.</p>', '7.png', 8),
(13, 'Chăm sóc râu', 30000, 0.05, '00:15:00', '<p>s&aacute;p g&ocirc;m cao cấp gi&uacute;p giữ nếp ho&agrave;n hảo d&ugrave; bạn đội mũ BH. S&aacute;p cao cấp gi&uacute;p t&oacute;c chắc khoẻ tr&aacute;nh g&agrave;u, g&atilde;y rụng so với loại thường.</p>', '8.png', 8),
(14, 'Cắt tóc', 70000, 0.1, '00:15:00', '<p style=\"box-sizing: border-box; margin-top: 0px; margin-bottom: 1rem; color: #4a4a4a; font-family: Roboto, sans-serif; font-size: 16px; text-align: justify; background-color: #ffffff;\"><span style=\"box-sizing: border-box; font-weight: bolder;\">Cắt t&oacute;c Nam v&agrave; tạo kiểu</span></p>\r\n<h1 style=\"box-sizing: border-box; margin: 0px; font-family: Roboto, sans-serif; line-height: 1.2; color: #143a4f; font-size: 2.5rem; list-style: none; padding: 0px; text-transform: uppercase; text-align: justify; background-color: #ffffff;\"><span style=\"box-sizing: border-box; font-weight: bolder;\">POLY-BARBER - ĐỊA CHỈ CẮT T&Oacute;C NAM H&Agrave;NG ĐẦU TẠI H&Agrave; NỘI</span></h1>\r\n<p>&nbsp;</p>\r\n<p style=\"box-sizing: border-box; margin-top: 0px; margin-bottom: 1rem; color: #4a4a4a; font-family: Roboto, sans-serif; font-size: 16px; text-align: justify; background-color: #ffffff;\"><span style=\"box-sizing: border-box; font-weight: bolder;\">Phong c&aacute;ch t&oacute;c H&agrave;n Quốc lịch l&atilde;m, hiện đại được biết đến qua những bộ phim nổi tiếng xứ Kim Chi kh&ocirc;ng chỉ khiến c&aacute;c c&ocirc; g&aacute;i say đắm m&agrave; c&ograve;n v&ocirc; c&ugrave;ng được l&ograve;ng ph&aacute;i mạnh. Tuy nhi&ecirc;n, kh&ocirc;ng nhiều salon t&oacute;c v&agrave; nh&agrave; tạo mẫu tại H&agrave; Nội c&oacute; khả năng tạo h&igrave;nh t&oacute;c chuẩn Style Korea với độ bồng bềnh tự nhi&ecirc;n m&agrave; vẫn giữ được chất t&oacute;c khỏe đẹp cho nam giới.</span></p>\r\n<p style=\"box-sizing: border-box; margin-top: 0px; margin-bottom: 1rem; color: #4a4a4a; font-family: Roboto, sans-serif; font-size: 16px; text-align: justify; background-color: #ffffff;\">&nbsp;</p>\r\n<p style=\"box-sizing: border-box; margin-top: 0px; margin-bottom: 1rem; color: #4a4a4a; font-family: Roboto, sans-serif; font-size: 16px; text-align: justify; background-color: #ffffff;\">Nếu bạn cũng đang t&igrave;m cho m&igrave;nh một địa chỉ đ&aacute;ng tin cậy để giao ph&oacute; m&aacute;i t&oacute;c th&igrave; Zio Hair với 2 cơ sở tr&ecirc;n to&agrave;n H&agrave; Nội nhất định sẽ l&agrave; c&aacute;i t&ecirc;n xứng đ&aacute;ng để c&acirc;n nhắc.</p>\r\n<p style=\"box-sizing: border-box; margin-top: 0px; margin-bottom: 1rem; color: #4a4a4a; font-family: Roboto, sans-serif; font-size: 16px; text-align: justify; background-color: #ffffff;\">&nbsp;</p>\r\n<p style=\"box-sizing: border-box; margin-top: 0px; margin-bottom: 1rem; color: #4a4a4a; font-family: Roboto, sans-serif; font-size: 16px; text-align: justify; background-color: #ffffff;\"><span style=\"box-sizing: border-box; font-weight: bolder;\"><img style=\"box-sizing: border-box; vertical-align: middle; border-style: none; width: 710px;\" src=\"https://lh4.googleusercontent.com/LZouKqulGSW3V6MB9Xk10MXQ7XXS1BTcVrNZpvQphhwMa0vj8R0DCwmXQsVx5uuyZ-MpUOy62znuqJQ7XvTZirqnUAphrE3q-zJwHlprUFcSmBqEyEFzlSxe3RUTbSl639PlsLLV\" /></span></p>\r\n<p style=\"box-sizing: border-box; margin-top: 0px; margin-bottom: 1rem; color: #4a4a4a; font-family: Roboto, sans-serif; font-size: 16px; text-align: justify; background-color: #ffffff;\">&nbsp;</p>\r\n<p style=\"box-sizing: border-box; margin-top: 0px; margin-bottom: 1rem; color: #4a4a4a; font-family: Roboto, sans-serif; font-size: 16px; text-align: justify; background-color: #ffffff;\">Zio Hair l&agrave; chuỗi salon chăm s&oacute;c t&oacute;c cao cấp hướng đến phong c&aacute;ch H&agrave;n Quốc được th&agrave;nh lập bởi Stylist Đỗ Minh Th&agrave;nh với hơn 12 năm kinh nghiệm thiết kế t&oacute;c chuy&ecirc;n nghiệp chuẩn Style Korea.</p>\r\n<p style=\"box-sizing: border-box; margin-top: 0px; margin-bottom: 1rem; color: #4a4a4a; font-family: Roboto, sans-serif; font-size: 16px; text-align: justify; background-color: #ffffff;\">&nbsp;</p>\r\n<p style=\"box-sizing: border-box; margin-top: 0px; margin-bottom: 1rem; color: #4a4a4a; font-family: Roboto, sans-serif; font-size: 16px; text-align: justify; background-color: #ffffff;\">Sử dụng dịch vụ cắt t&oacute;c t&oacute;c nam tại Zio, m&aacute;i t&oacute;c của bạn sẽ được chăm s&oacute;c v&agrave; tạo mẫu bởi c&aacute;c chuy&ecirc;n gia c&oacute; kinh nghiệm l&acirc;u năm, được đ&agrave;o tạo b&agrave;i bản, t&agrave;i năng, đam m&ecirc; v&agrave; đặc biệt cực am hiểu về t&oacute;c.</p>\r\n<p style=\"box-sizing: border-box; margin-top: 0px; margin-bottom: 1rem; color: #4a4a4a; font-family: Roboto, sans-serif; font-size: 16px; text-align: justify; background-color: #ffffff;\">&nbsp;</p>\r\n<p style=\"box-sizing: border-box; margin-top: 0px; margin-bottom: 1rem; color: #4a4a4a; font-family: Roboto, sans-serif; font-size: 16px; text-align: justify; background-color: #ffffff;\"><span style=\"box-sizing: border-box; font-weight: bolder;\"><img style=\"box-sizing: border-box; vertical-align: middle; border-style: none; width: 710px;\" src=\"https://lh3.googleusercontent.com/1M9gsteObIgefF1JlJ5gDk-Ci-JuBfUUkSdXwurJ0aKmwbO7LHeUUO6WqfuiyXLmgcbFWmbQYaghih4ylsUq26Wa7iGmp70044GbzVRvQQ5RFC1LqSOnU0dxQt8SDYl68DPfte2P\" /></span></p>\r\n<p style=\"box-sizing: border-box; margin-top: 0px; margin-bottom: 1rem; color: #4a4a4a; font-family: Roboto, sans-serif; font-size: 16px; text-align: justify; background-color: #ffffff;\"><br style=\"box-sizing: border-box;\" />&nbsp;</p>\r\n<p style=\"box-sizing: border-box; margin-top: 0px; margin-bottom: 1rem; color: #4a4a4a; font-family: Roboto, sans-serif; font-size: 16px; text-align: justify; background-color: #ffffff;\"><span style=\"box-sizing: border-box; font-weight: bolder;\">Với kh&ocirc;ng gian hiện đại, đậm phong c&aacute;ch H&agrave;n Quốc thanh lịch v&agrave; đội ngũ nh&acirc;n vi&ecirc;n th&acirc;n thiện, chuy&ecirc;n nghiệp, Zio Hair hứa hẹn sẽ l&agrave; địa chỉ ho&agrave;n hảo để c&ugrave;ng c&aacute;c qu&yacute; &ocirc;ng định h&igrave;nh phong c&aacute;ch bản th&acirc;n.</span></p>', '1.png', 7);

-- --------------------------------------------------------

--
-- Table structure for table `setting`
--

CREATE TABLE `setting` (
  `id` int(11) NOT NULL,
  `logo` varchar(191) NOT NULL,
  `file_ico` varchar(191) NOT NULL,
  `title` varchar(191) NOT NULL,
  `introduce` text NOT NULL,
  `slogan` varchar(191) NOT NULL
) ENGINE=InnoDB DEFAULT CHARSET=utf8mb4;

--
-- Dumping data for table `setting`
--

INSERT INTO `setting` (`id`, `logo`, `file_ico`, `title`, `introduce`, `slogan`) VALUES
(3, '64e421a31895elogox.png', 'favicon.ico', 'Poly-barber', '<p><strong style=\"box-sizing: border-box;\">I. VỀ POLY BARBER</strong></p>\r\n<p>Cuộc&nbsp;sống&nbsp;của&nbsp;ch&uacute;ng&nbsp;ta đang&nbsp;ng&agrave;y&nbsp;c&agrave;ng&nbsp;trở&nbsp;n&ecirc;n&nbsp;bận&nbsp;rộn<wbr style=\"box-sizing: border-box;\" />&nbsp;hơn&nbsp;với&nbsp;biết&nbsp;bao lo toan,&nbsp;suy nghĩ. Đặc biệt l&agrave; với nam giới, những người trụ cột trong gia đ&igrave;nh, đ&ocirc;i khi họ c&ograve;n kh&ocirc;ng c&oacute; thời gian nghĩ cho bản th&acirc;n, kh&ocirc;ng c&oacute; thời gian đi mua quần &aacute;o, ăn diện, hay thậm ch&iacute; l&agrave; đi cắt t&oacute;c cho gọn g&agrave;ng, bảnh bao hơn.</p>\r\n<p>Thấu hiểu được điều n&agrave;y, hệ thống t&oacute;c nam&nbsp;<a style=\"box-sizing: border-box; background: 0px 0px; color: #302021; text-decoration-line: none;\" href=\"https://bbmen.vn/\">POLY BARBER</a>&nbsp;đ&atilde; ra đời để đem đến cho c&aacute;nh m&agrave;y r&acirc;u một cuộc sống tiện lợi hơn trong việc chăm s&oacute;c đầu t&oacute;c. Đến với hệ thống t&oacute;c nam&nbsp;<a style=\"box-sizing: border-box; background: 0px 0px; color: #302021; text-decoration-line: none;\" href=\"https://bbmen.vn/\">POLY BARBER</a>, bạn sẽ kh&ocirc;ng phải lo lắng về vấn đề thời gian, chỉ cần 30 ph&uacute;t rảnh rỗi v&agrave;o bất cứ thời gian n&agrave;o,&nbsp;<a style=\"box-sizing: border-box; background: 0px 0px; color: #302021; text-decoration-line: none;\" href=\"https://bbmen.vn/\">POLY BARBER</a>&nbsp;sẽ mang đến cho bạn dịch vụ tận t&acirc;m, kỹ c&agrave;ng để bạn trở n&ecirc;n đẹp trai, s&aacute;ng l&aacute;ng ngay lập tức.</p>\r\n<p><strong style=\"box-sizing: border-box;\">II. SỨ MỆNH</strong></p>\r\n<p><img style=\"box-sizing: border-box; border: 0px; vertical-align: middle; max-width: 100%; display: block; margin-left: auto; margin-right: auto;\" src=\"https://i.imgur.com/XZQykPr.jpg\" /></p>\r\n<p>Hệ thống t&oacute;c nam&nbsp;<a style=\"box-sizing: border-box; background: 0px 0px; color: #302021; text-decoration-line: none;\" href=\"https://bbmen.vn/\">POLY BARBER</a>&nbsp;cung cấp dịch vụ l&agrave;m t&oacute;c chuy&ecirc;n nghiệp với gi&aacute; th&agrave;nh cạnh tranh, tiết kiệm thời gian v&agrave; l&agrave;m h&agrave;i l&ograve;ng tất cả đối tượng kh&aacute;ch h&agrave;ng nam giới bằng dịch vụ tốt nhất, mang đến sự thư gi&atilde;n kh&aacute;c biệt, n&acirc;ng cao gi&aacute; trị bản th&acirc;n với vẻ ngo&agrave;i trang nh&atilde;, tỏa s&aacute;ng.</p>\r\n<p>&nbsp;Ch&uacute;ng t&ocirc;i hạnh ph&uacute;c khi được phục vụ v&agrave; nhận được sự h&agrave;i l&ograve;ng của kh&aacute;ch h&agrave;ng.</p>\r\n<p><strong style=\"box-sizing: border-box;\">III. HỆ THỐNG CỬA H&Agrave;NG CHUY&Ecirc;N NGHIỆP</strong></p>\r\n<p><img style=\"box-sizing: border-box; border: 0px; vertical-align: middle; max-width: 100%; display: block; margin-left: auto; margin-right: auto;\" src=\"https://i.imgur.com/NoLJUVb.png\" /></p>\r\n<p>C&aacute;c cửa h&agrave;ng của&nbsp;<a style=\"box-sizing: border-box; background: 0px 0px; color: #302021; text-decoration-line: none;\" href=\"https://bbmen.vn/\">POLY BARBER</a>&nbsp;đều được đầu tư nghi&ecirc;m t&uacute;c, diện t&iacute;ch mặt bằng rộng r&atilde;i, tho&aacute;ng m&aacute;t trang thiết bị, nội thất đồng bộ, chuy&ecirc;n nghiệp, bắt mắt, đem đến trải nghiệm thoải m&aacute;i nhất cho kh&aacute;ch h&agrave;ng.</p>\r\n<p><strong style=\"box-sizing: border-box;\">IV.&nbsp;ĐỘI NGŨ THỢ STYLIST TẠO MẪU ĐẲNG CẤP</strong></p>\r\n<p><strong style=\"box-sizing: border-box;\"><img style=\"box-sizing: border-box; border: 0px; vertical-align: middle; max-width: 100%; display: block; margin-left: auto; margin-right: auto;\" src=\"https://i.imgur.com/tGfk5ts.png\" /></strong></p>\r\n<p>Đội ngũ thợ t&oacute;c của&nbsp;<a style=\"box-sizing: border-box; background: 0px 0px; color: #302021; text-decoration-line: none;\" href=\"https://bbmen.vn/\">POLY BARBER</a>&nbsp;được tuyển dụng gắt gao, y&ecirc;u cầu cao về kinh nghiệm v&agrave; tay nghề để đảm bảo đem đến kết quả h&agrave;i l&ograve;ng nhất cho kh&aacute;ch h&agrave;ng. Đội ngũ&nbsp;<a style=\"box-sizing: border-box; background: 0px 0px; color: #302021; text-decoration-line: none;\" href=\"https://bbmen.vn/\">POLY BARBER </a>lu&ocirc;n t&igrave;m hiểu, học hỏi c&aacute;c xu hướng thời trang t&oacute;c tr&ecirc;n thế giới để lu&ocirc;n cập nhật nhanh ch&oacute;ng những mẫu t&oacute;c Hot nhất.</p>', 'Kinh nghiệm và Sáng tạo không ngừng cùng Poly Barber');

-- --------------------------------------------------------

--
-- Table structure for table `types`
--

CREATE TABLE `types` (
  `id` int(11) NOT NULL,
  `name` varchar(191) NOT NULL,
  `images` varchar(191) NOT NULL
) ENGINE=InnoDB DEFAULT CHARSET=utf8mb4;

--
-- Dumping data for table `types`
--

INSERT INTO `types` (`id`, `name`, `images`) VALUES
(3, 'Nhuộm', '5f22338b673benhuom.png'),
(4, 'Dưỡng', '5f2233c0e5478duong.png'),
(5, 'Combo', '5f28b6a0cdc9cp1.png'),
(6, 'Chăm sóc da', '5f28b7d0acea9p1.png'),
(7, 'Cắt', '5f28b8699f7e0p1.png'),
(8, 'Khác', '5f28b8962aa31p1.png');

-- --------------------------------------------------------

--
-- Table structure for table `users`
--

CREATE TABLE `users` (
  `id` int(11) NOT NULL,
  `account` varchar(191) NOT NULL,
  `password` varchar(191) NOT NULL,
  `name` varchar(191) NOT NULL,
  `address` varchar(255) NOT NULL,
  `phone` varchar(11) NOT NULL,
  `email` varchar(191) NOT NULL,
  `role` int(1) NOT NULL,
  `images` varchar(191) DEFAULT NULL,
  `code` varchar(191) DEFAULT NULL,
  `time_code` int(11) DEFAULT NULL
) ENGINE=InnoDB DEFAULT CHARSET=utf8mb4;

--
-- Dumping data for table `users`
--

INSERT INTO `users` (`id`, `account`, `password`, `name`, `address`, `phone`, `email`, `role`, `images`, `code`, `time_code`) VALUES
(2, 'admin', '$2y$10$MnY.lDbSf2PFRWtR4iZVY.aJYkm/kyvCHlwu1d2Cr2ONkan4tR0Te', 'Chu Thị Hoa', 'Mỹ Đình 2, Nam Từ Liêm, Hà Nội', '0385629850', 'chuthihoa98bgg@gmail.com', 1, '5f37b43cbfb01team-12-420x424.jpg', '', 0),
(3, 'toannv', '$2y$10$I.uUxzz5PQKeKS9oh9fDtucxYPcisxXRwe.oz5/nBf594EHQBVoKW', 'Nguyễn Văn Toàn', 'Nam Từ Liêm, Hà Nội', '0945235111', 'toannv@gmail.com', 3, '5f38e3aa98562team-13-420x424.jpg', NULL, NULL),
(4, 'tunv', '$2y$10$hraYcsDYURKwp3F.AVYdEuwaub5/aIX287hbh84IFAtdcIDXD85NW', 'Nguyễn Văn Tú', 'Mỹ Đình 2, Nam Từ Liêm, Hà Nội', '0983768854', 'tunv@gmail.com', 3, '2.png', NULL, NULL),
(6, 'thutt', '$2y$10$FiMcCotGRRLZQm3TaRX9Dug3lh9SQghbfHe5EPMOZbiz1gVt1NLXi', 'Trần Thị Thu', 'Mỹ Đình 2, Nam Từ Liêm, Hà Nội', '0983448854', 'thutt@gmail.com', 3, '4.png', NULL, NULL),
(13, '', '', 'mai', '', '09877655444', '', 3, 'user.svg', NULL, NULL),
(14, 'xxxx', '$2y$10$t/7RESKhBeGHCIgBEPpNqee/WXxBJkcWI2O.Ac9kKCLMcMqyy2Vf6', 'xxxx', 'hcm', '9456564645', 'xxxx@gmail.com', 2, '64e309ed0bdf12.png', NULL, NULL),
(15, 'nnnnnn', '$2y$10$MnY.lDbSf2PFRWtR4iZVY.aJYkm/kyvCHlwu1d2Cr2ONkan4tR0Te', 'nnnn', 'nnnnnn tỷtyrtrrttyrytty', 'xxxx', 'nnnnnn@gmail.com', 3, '64e30a319e76e2.png', NULL, NULL),
(20, 'thanhnhan', '$2y$10$hiOvhjJEx0cvUNzk4Dm69uHFO9O.JW2hXag5C8DbnVfOYryV3.gUu', 'thanhnhanshop', 'hcm ffffffffffffffffffffffffff', '0364877526', 'thanhnhan@gmail.com', 3, '64e41ebd68c242.png', NULL, NULL),
(21, 'letan', '$2y$10$2gl/sY5uqlpUa2KsErWtaO019LCJGERN/W.YpW54cwijAbV/fTHZW', 'letan', 'xxxxxxxxxxxxxx x', '098765434', 'xxwxxcx@gmail.com', 3, 'user.svg', NULL, NULL),
(23, 'mmmmmm', '$2y$10$62OeECEfse4c6htHVo33SOlqPPRQfc3RgdIwnRpcfhp9daQtwF.Yy', 'mmmmmm', 'fthgfhgfhbgf fthgffgfgfg', '0364877521', 'mmmmmm@gmail.com', 3, '64e478ef731b15f24cac73990ep1.png', NULL, NULL);

-- --------------------------------------------------------

--
-- Table structure for table `word_time`
--

CREATE TABLE `word_time` (
  `id` int(11) NOT NULL,
  `time` time NOT NULL
) ENGINE=InnoDB DEFAULT CHARSET=utf8mb4;

--
-- Dumping data for table `word_time`
--

INSERT INTO `word_time` (`id`, `time`) VALUES
(1, '08:30:00'),
(2, '09:00:00'),
(3, '09:30:00'),
(4, '10:00:00'),
(5, '10:30:00'),
(6, '11:00:00'),
(7, '11:30:00'),
(8, '12:00:00'),
(9, '12:30:00'),
(10, '13:00:00'),
(11, '13:30:00'),
(13, '14:30:00'),
(14, '15:00:00'),
(15, '15:30:00'),
(16, '16:00:00'),
(17, '16:30:00'),
(18, '17:00:00'),
(19, '17:30:00'),
(20, '18:00:00'),
(21, '18:30:00');

--
-- Indexes for dumped tables
--

--
-- Indexes for table `appointments`
--
ALTER TABLE `appointments`
  ADD PRIMARY KEY (`id`);

--
-- Indexes for table `app_detail`
--
ALTER TABLE `app_detail`
  ADD PRIMARY KEY (`id`);

--
-- Indexes for table `barbers`
--
ALTER TABLE `barbers`
  ADD PRIMARY KEY (`id`),
  ADD UNIQUE KEY `phone` (`phone`),
  ADD UNIQUE KEY `account` (`account`),
  ADD UNIQUE KEY `email` (`email`);

--
-- Indexes for table `categories`
--
ALTER TABLE `categories`
  ADD PRIMARY KEY (`id`);

--
-- Indexes for table `comments`
--
ALTER TABLE `comments`
  ADD PRIMARY KEY (`id`);

--
-- Indexes for table `contacts`
--
ALTER TABLE `contacts`
  ADD PRIMARY KEY (`id`);

--
-- Indexes for table `evaluates`
--
ALTER TABLE `evaluates`
  ADD PRIMARY KEY (`id`);

--
-- Indexes for table `libraries`
--
ALTER TABLE `libraries`
  ADD PRIMARY KEY (`id`);

--
-- Indexes for table `news`
--
ALTER TABLE `news`
  ADD PRIMARY KEY (`id`);

--
-- Indexes for table `orders`
--
ALTER TABLE `orders`
  ADD PRIMARY KEY (`id`);

--
-- Indexes for table `order_detail`
--
ALTER TABLE `order_detail`
  ADD PRIMARY KEY (`id`);

--
-- Indexes for table `products`
--
ALTER TABLE `products`
  ADD PRIMARY KEY (`id`);

--
-- Indexes for table `product_gallery`
--
ALTER TABLE `product_gallery`
  ADD PRIMARY KEY (`id`);

--
-- Indexes for table `reply_contact`
--
ALTER TABLE `reply_contact`
  ADD PRIMARY KEY (`id`);

--
-- Indexes for table `services`
--
ALTER TABLE `services`
  ADD PRIMARY KEY (`id`);

--
-- Indexes for table `setting`
--
ALTER TABLE `setting`
  ADD PRIMARY KEY (`id`);

--
-- Indexes for table `types`
--
ALTER TABLE `types`
  ADD PRIMARY KEY (`id`);

--
-- Indexes for table `users`
--
ALTER TABLE `users`
  ADD PRIMARY KEY (`id`),
  ADD UNIQUE KEY `phone` (`phone`),
  ADD UNIQUE KEY `email` (`email`),
  ADD UNIQUE KEY `account` (`account`);

--
-- Indexes for table `word_time`
--
ALTER TABLE `word_time`
  ADD PRIMARY KEY (`id`);

--
-- AUTO_INCREMENT for dumped tables
--

--
-- AUTO_INCREMENT for table `appointments`
--
ALTER TABLE `appointments`
  MODIFY `id` int(11) NOT NULL AUTO_INCREMENT, AUTO_INCREMENT=27;

--
-- AUTO_INCREMENT for table `app_detail`
--
ALTER TABLE `app_detail`
  MODIFY `id` int(11) NOT NULL AUTO_INCREMENT, AUTO_INCREMENT=87;

--
-- AUTO_INCREMENT for table `barbers`
--
ALTER TABLE `barbers`
  MODIFY `id` int(11) NOT NULL AUTO_INCREMENT, AUTO_INCREMENT=36;

--
-- AUTO_INCREMENT for table `categories`
--
ALTER TABLE `categories`
  MODIFY `id` int(11) NOT NULL AUTO_INCREMENT, AUTO_INCREMENT=10;

 

--
-- AUTO_INCREMENT for table `contacts`
--
ALTER TABLE `contacts`
  MODIFY `id` int(11) NOT NULL AUTO_INCREMENT, AUTO_INCREMENT=5;

--
-- AUTO_INCREMENT for table `evaluates`
--
ALTER TABLE `evaluates`
  MODIFY `id` int(11) NOT NULL AUTO_INCREMENT, AUTO_INCREMENT=7;

--
-- AUTO_INCREMENT for table `libraries`
--
ALTER TABLE `libraries`
  MODIFY `id` int(11) NOT NULL AUTO_INCREMENT, AUTO_INCREMENT=13;

--
-- AUTO_INCREMENT for table `news`
--
ALTER TABLE `news`
  MODIFY `id` int(11) NOT NULL AUTO_INCREMENT, AUTO_INCREMENT=8;

--
-- AUTO_INCREMENT for table `orders`
--
ALTER TABLE `orders`
  MODIFY `id` int(11) NOT NULL AUTO_INCREMENT, AUTO_INCREMENT=21;

--
-- AUTO_INCREMENT for table `order_detail`
--
ALTER TABLE `order_detail`
  MODIFY `id` int(11) NOT NULL AUTO_INCREMENT, AUTO_INCREMENT=28;

--
-- AUTO_INCREMENT for table `products`
--
ALTER TABLE `products`
  MODIFY `id` int(11) NOT NULL AUTO_INCREMENT, AUTO_INCREMENT=24;

--
-- AUTO_INCREMENT for table `product_gallery`
--
ALTER TABLE `product_gallery`
  MODIFY `id` int(11) NOT NULL AUTO_INCREMENT, AUTO_INCREMENT=56;

--
-- AUTO_INCREMENT for table `reply_contact`
--
ALTER TABLE `reply_contact`
  MODIFY `id` int(11) NOT NULL AUTO_INCREMENT, AUTO_INCREMENT=7;

--
-- AUTO_INCREMENT for table `services`
--
ALTER TABLE `services`
  MODIFY `id` int(11) NOT NULL AUTO_INCREMENT, AUTO_INCREMENT=21;

--
-- AUTO_INCREMENT for table `setting`
--
ALTER TABLE `setting`
  MODIFY `id` int(11) NOT NULL AUTO_INCREMENT, AUTO_INCREMENT=4;

--
-- AUTO_INCREMENT for table `types`
--
ALTER TABLE `types`
  MODIFY `id` int(11) NOT NULL AUTO_INCREMENT, AUTO_INCREMENT=13;

--
-- AUTO_INCREMENT for table `users`
--
ALTER TABLE `users`
  MODIFY `id` int(11) NOT NULL AUTO_INCREMENT, AUTO_INCREMENT=24;

--
-- AUTO_INCREMENT for table `word_time`
--
ALTER TABLE `word_time`
  MODIFY `id` int(11) NOT NULL AUTO_INCREMENT, AUTO_INCREMENT=25;
COMMIT;

/*!40101 SET CHARACTER_SET_CLIENT=@OLD_CHARACTER_SET_CLIENT */;
/*!40101 SET CHARACTER_SET_RESULTS=@OLD_CHARACTER_SET_RESULTS */;
/*!40101 SET COLLATION_CONNECTION=@OLD_COLLATION_CONNECTION */;
